{"type": "FeatureCollection", "metadata": {"source": "streektuinen.nl /streken/ SVG map", "transform": "bbox affine (north-up, independent x/y scale)", "control_box": {"lon_w": 3.36, "lon_e": 7.23, "lat_s": 50.74, "lat_n": 53.57}, "note": "Stylised source → soft borders by design; boundary gardens use the 'Kies je streek' manual override. Boundaries © streektuinen.nl."}, "features": [{"type": "Feature", "properties": {"slug": "centrale-stuwwallen", "name": "Centrale stuwwallen"}, "geometry": {"type": "Polygon", "coordinates": [[[5.29085, 52.12686], [5.27996, 52.1328], [5.2681, 52.13913], [5.25558, 52.1458], [5.24273, 52.15274], [5.22986, 52.15989], [5.21729, 52.16719], [5.20536, 52.17456], [5.19437, 52.18194], [5.18466, 52.18928], [5.17654, 52.19651], [5.1693, 52.20524], [5.16764, 52.21488], [5.16891, 52.22424], [5.16868, 52.23435], [5.16405, 52.24399], [5.15706, 52.25431], [5.15311, 52.26252], [5.1572, 52.27042], [5.16054, 52.28137], [5.15637, 52.29155], [5.15067, 52.2991], [5.14901, 52.30627], [5.15697, 52.31529], [5.17154, 52.32388], [5.18428, 52.33], [5.19749, 52.33545], [5.21238, 52.33757], [5.2296, 52.33718], [5.24667, 52.33452], [5.26112, 52.3298], [5.26938, 52.32429], [5.27732, 52.3143], [5.28583, 52.30313], [5.28912, 52.2959], [5.29138, 52.28612], [5.29309, 52.27602], [5.29515, 52.26597], [5.29846, 52.25632], [5.30393, 52.24746], [5.31244, 52.23975], [5.3249, 52.23355], [5.3398, 52.23539], [5.35364, 52.23994], [5.36878, 52.24124], [5.38418, 52.23756], [5.39807, 52.23133], [5.41311, 52.22862], [5.42883, 52.22969], [5.44411, 52.2334], [5.4588, 52.23857], [5.47277, 52.24399], [5.48663, 52.24877], [5.50159, 52.25338], [5.51565, 52.25771], [5.52904, 52.26216], [5.54203, 52.26716], [5.55484, 52.27313], [5.56773, 52.28047], [5.57739, 52.2891], [5.58629, 52.29668], [5.59725, 52.3039], [5.60833, 52.3111], [5.61928, 52.31839], [5.62983, 52.3259], [5.63972, 52.33372], [5.64979, 52.34313], [5.65779, 52.35226], [5.66394, 52.36011], [5.67009, 52.36704], [5.6781, 52.37344], [5.68982, 52.37967], [5.70709, 52.3861], [5.72145, 52.39038], [5.73562, 52.39423], [5.75104, 52.39838], [5.7671, 52.40285], [5.78317, 52.40771], [5.79861, 52.413], [5.8128, 52.41878], [5.82511, 52.42508], [5.83491, 52.43197], [5.84136, 52.43928], [5.84609, 52.45057], [5.85853, 52.45165], [5.87483, 52.45224], [5.89082, 52.45404], [5.90633, 52.45702], [5.92115, 52.46114], [5.93499, 52.46637], [5.94773, 52.47266], [5.96072, 52.47796], [5.97477, 52.48258], [5.98997, 52.48671], [6.00595, 52.4901], [6.02233, 52.49249], [6.03872, 52.49359], [6.05476, 52.49316], [6.06999, 52.49092], [6.08147, 52.48568], [6.09186, 52.47702], [6.10073, 52.46745], [6.10765, 52.45948], [6.11519, 52.45095], [6.12224, 52.44212], [6.12868, 52.43311], [6.13444, 52.42393], [6.1395, 52.41461], [6.14378, 52.40516], [6.14725, 52.3956], [6.14986, 52.38594], [6.15156, 52.37622], [6.15228, 52.36644], [6.152, 52.35662], [6.15065, 52.34674], [6.14926, 52.33491], [6.14974, 52.32557], [6.15133, 52.31731], [6.15329, 52.3087], [6.15485, 52.29832], [6.15536, 52.28761], [6.15519, 52.27827], [6.15493, 52.26943], [6.15516, 52.26028], [6.15645, 52.25002], [6.15816, 52.2407], [6.15761, 52.23201], [6.15541, 52.22175], [6.15203, 52.21073], [6.14792, 52.19972], [6.14355, 52.18953], [6.13936, 52.18093], [6.13466, 52.17284], [6.12847, 52.16413], [6.12137, 52.15538], [6.11365, 52.14658], [6.10562, 52.13774], [6.09759, 52.12885], [6.08984, 52.11991], [6.08269, 52.11091], [6.07644, 52.10187], [6.07138, 52.09278], [6.06807, 52.08337], [6.06635, 52.07349], [6.06042, 52.06463], [6.05205, 52.05622], [6.04338, 52.04792], [6.03443, 52.03973], [6.02517, 52.03164], [6.0135, 52.02324], [5.99909, 52.01848], [5.98508, 52.0178], [5.96927, 52.01795], [5.95022, 52.01655], [5.93495, 52.0151], [5.92193, 52.01406], [5.90809, 52.01369], [5.89037, 52.01422], [5.87163, 52.01533], [5.85591, 52.01597], [5.83995, 52.01628], [5.82379, 52.0163], [5.80746, 52.01607], [5.791, 52.01565], [5.77444, 52.01507], [5.75782, 52.01439], [5.74116, 52.01364], [5.72451, 52.01286], [5.7079, 52.01212], [5.69137, 52.01144], [5.67494, 52.01088], [5.65866, 52.01047], [5.64256, 52.01027], [5.62429, 52.00949], [5.61093, 52.00681], [5.59328, 52.00626], [5.57721, 52.00835], [5.5628, 52.01179], [5.54824, 52.01529], [5.53072, 52.0181], [5.51514, 52.02023], [5.50164, 52.02231], [5.48818, 52.02526], [5.47273, 52.03001], [5.45639, 52.03601], [5.44252, 52.04088], [5.42911, 52.04535], [5.41484, 52.05001], [5.39698, 52.05629], [5.38394, 52.06272], [5.37569, 52.06907], [5.3691, 52.07602], [5.36103, 52.08424], [5.3501, 52.09313], [5.33913, 52.10049], [5.32751, 52.10732], [5.31547, 52.11384], [5.30325, 52.12027], [5.29109, 52.12682], [5.29085, 52.12686]]]}}, {"type": "Feature", "properties": {"slug": "de-peel", "name": "De Peel"}, "geometry": {"type": "Polygon", "coordinates": [[[5.6496, 51.7287], [5.66315, 51.73257], [5.67872, 51.73209], [5.69506, 51.73066], [5.71173, 51.72861], [5.72831, 51.72627], [5.74436, 51.72399], [5.75986, 51.72205], [5.77694, 51.72068], [5.79241, 51.71977], [5.8071, 51.71832], [5.8219, 51.71534], [5.83761, 51.70984], [5.84995, 51.70305], [5.86152, 51.69649], [5.87539, 51.69139], [5.8904, 51.68713], [5.90534, 51.68299], [5.91917, 51.67818], [5.93286, 51.67253], [5.94629, 51.66688], [5.95889, 51.66138], [5.97007, 51.65472], [5.97988, 51.64706], [5.98851, 51.63862], [5.99614, 51.6296], [6.00297, 51.62024], [6.00917, 51.61074], [6.01494, 51.60133], [6.02046, 51.59223], [6.0259, 51.58371], [6.03256, 51.57583], [6.0413, 51.56786], [6.05154, 51.55985], [6.06267, 51.55186], [6.07411, 51.54397], [6.08525, 51.53624], [6.09551, 51.52873], [6.10467, 51.5212], [6.11341, 51.51291], [6.12169, 51.50447], [6.13005, 51.49605], [6.13872, 51.48768], [6.136, 51.47814], [6.13255, 51.46835], [6.12948, 51.45826], [6.12596, 51.44842], [6.12199, 51.43881], [6.11756, 51.42942], [6.1127, 51.42022], [6.1074, 51.4112], [6.10166, 51.40233], [6.0955, 51.39359], [6.08891, 51.38496], [6.0819, 51.37641], [6.07447, 51.36794], [6.06664, 51.35952], [6.05839, 51.35112], [6.04974, 51.34272], [6.0407, 51.33432], [6.03126, 51.32587], [6.02271, 51.31858], [6.01321, 51.31132], [6.00166, 51.30257], [5.98993, 51.29317], [5.97987, 51.28397], [5.97336, 51.27579], [5.97262, 51.26915], [5.97921, 51.26004], [5.98041, 51.25029], [5.96664, 51.24499], [5.95234, 51.24732], [5.939, 51.25393], [5.92698, 51.26167], [5.91442, 51.26889], [5.90039, 51.27681], [5.88776, 51.28434], [5.8764, 51.29158], [5.86619, 51.29863], [5.85701, 51.30562], [5.84873, 51.31265], [5.84124, 51.31982], [5.83441, 51.32724], [5.82812, 51.33503], [5.82224, 51.34329], [5.81666, 51.35213], [5.81126, 51.36165], [5.8059, 51.37198], [5.80047, 51.38321], [5.79576, 51.39338], [5.79137, 51.40293], [5.78702, 51.41244], [5.78267, 51.4219], [5.77833, 51.43133], [5.77397, 51.44072], [5.76957, 51.45008], [5.76511, 51.45942], [5.76058, 51.46874], [5.75595, 51.47804], [5.75122, 51.48733], [5.74636, 51.49662], [5.74135, 51.50591], [5.73617, 51.5152], [5.73082, 51.52451], [5.72526, 51.53382], [5.71949, 51.54316], [5.71382, 51.55233], [5.70881, 51.56151], [5.70436, 51.57082], [5.7004, 51.58025], [5.69684, 51.58976], [5.69362, 51.59936], [5.69064, 51.60901], [5.68784, 51.61872], [5.68513, 51.62845], [5.68244, 51.6382], [5.67969, 51.64794], [5.6768, 51.65766], [5.6737, 51.66735], [5.67029, 51.67699], [5.66652, 51.68656], [5.66229, 51.69604], [5.65775, 51.70475], [5.65064, 51.71508], [5.6438, 51.72531], [5.64319, 51.73291], [5.6496, 51.7287]]]}}, {"type": "Feature", "properties": {"slug": "regge-en-sallandse-heuvelrug", "name": "Regge en Sallandse Heuvelrug"}, "geometry": {"type": "Polygon", "coordinates": [[[6.5642, 52.49045], [6.56367, 52.48062], [6.56313, 52.47079], [6.5626, 52.46097], [6.56215, 52.45113], [6.56498, 52.44141], [6.57034, 52.43216], [6.57809, 52.42357], [6.58809, 52.41581], [6.6, 52.40937], [6.6139, 52.40451], [6.62905, 52.39988], [6.64371, 52.3948], [6.65613, 52.38861], [6.66385, 52.38139], [6.66757, 52.37258], [6.6687, 52.36239], [6.66809, 52.35153], [6.66661, 52.34071], [6.6651, 52.33064], [6.66442, 52.32165], [6.66425, 52.31135], [6.66432, 52.3014], [6.66479, 52.29173], [6.66583, 52.28225], [6.6676, 52.2729], [6.67028, 52.26359], [6.67402, 52.25424], [6.679, 52.24478], [6.68538, 52.23513], [6.6932, 52.22645], [6.70307, 52.21825], [6.71251, 52.21012], [6.71923, 52.20174], [6.72317, 52.19081], [6.71323, 52.18554], [6.69738, 52.18307], [6.68109, 52.18205], [6.66772, 52.18434], [6.65455, 52.18974], [6.64144, 52.19703], [6.62904, 52.20523], [6.618, 52.21336], [6.60895, 52.22044], [6.60322, 52.22831], [6.5917, 52.23281], [6.57521, 52.23667], [6.55636, 52.23973], [6.53777, 52.24181], [6.52208, 52.24276], [6.50898, 52.24212], [6.4947, 52.23908], [6.48014, 52.2349], [6.46466, 52.23102], [6.44764, 52.22887], [6.4286, 52.2305], [6.41329, 52.23569], [6.40214, 52.23661], [6.38479, 52.23453], [6.36828, 52.23378], [6.35179, 52.23324], [6.33543, 52.23321], [6.31928, 52.234], [6.30345, 52.2359], [6.28804, 52.23923], [6.27506, 52.24511], [6.2772, 52.25419], [6.28297, 52.26354], [6.28491, 52.27148], [6.28589, 52.28078], [6.28599, 52.29105], [6.28529, 52.30192], [6.28387, 52.31304], [6.28182, 52.32401], [6.27921, 52.33447], [6.27612, 52.34406], [6.27265, 52.35239], [6.26776, 52.36137], [6.26258, 52.37028], [6.25779, 52.37885], [6.25314, 52.38838], [6.249, 52.39835], [6.24541, 52.4078], [6.24199, 52.41737], [6.23873, 52.42705], [6.23559, 52.4368], [6.23254, 52.44658], [6.22957, 52.45637], [6.22663, 52.46612], [6.22371, 52.47582], [6.22078, 52.48542], [6.21624, 52.49433], [6.21894, 52.50121], [6.23412, 52.49748], [6.24869, 52.49335], [6.26183, 52.48705], [6.27488, 52.48061], [6.28856, 52.47593], [6.30278, 52.4738], [6.31823, 52.4728], [6.33465, 52.4727], [6.35173, 52.47332], [6.36913, 52.47445], [6.38652, 52.47589], [6.40356, 52.47746], [6.41993, 52.47896], [6.43529, 52.48018], [6.45054, 52.48077], [6.46728, 52.48054], [6.48395, 52.48066], [6.49955, 52.48205], [6.51548, 52.48433], [6.53169, 52.48688], [6.54798, 52.48909], [6.56412, 52.49035], [6.5642, 52.49045]]]}}, {"type": "Feature", "properties": {"slug": "reestdal", "name": "Reestdal"}, "geometry": {"type": "Polygon", "coordinates": [[[6.18054, 52.8177], [6.19025, 52.81371], [6.20342, 52.81071], [6.21928, 52.80854], [6.23708, 52.80709], [6.25604, 52.80619], [6.2754, 52.80572], [6.2944, 52.80553], [6.31226, 52.80549], [6.32822, 52.80545], [6.34152, 52.80527], [6.35704, 52.80475], [6.37346, 52.80409], [6.38987, 52.80336], [6.40627, 52.80256], [6.42264, 52.80173], [6.43898, 52.80088], [6.45529, 52.80005], [6.47157, 52.79924], [6.4878, 52.79849], [6.50399, 52.79782], [6.51956, 52.79707], [6.53519, 52.79553], [6.55108, 52.79317], [6.56699, 52.79004], [6.58271, 52.78619], [6.59801, 52.78168], [6.61264, 52.77657], [6.6264, 52.7709], [6.63904, 52.76472], [6.65035, 52.7581], [6.66023, 52.75096], [6.66937, 52.74283], [6.67807, 52.73415], [6.68664, 52.72543], [6.6954, 52.71717], [6.7055, 52.70988], [6.71288, 52.70401], [6.69664, 52.69923], [6.68378, 52.69404], [6.67293, 52.68651], [6.66266, 52.67732], [6.65289, 52.66739], [6.64353, 52.65766], [6.63448, 52.64904], [6.62566, 52.64246], [6.61647, 52.63873], [6.60147, 52.63685], [6.58481, 52.63342], [6.57067, 52.62778], [6.55867, 52.62138], [6.54731, 52.61482], [6.5351, 52.60868], [6.52073, 52.60363], [6.50863, 52.60063], [6.49483, 52.59779], [6.4796, 52.59512], [6.46321, 52.59265], [6.44593, 52.5904], [6.42803, 52.58838], [6.40979, 52.58663], [6.39146, 52.58517], [6.37331, 52.584], [6.35563, 52.58317], [6.33867, 52.58269], [6.3227, 52.58258], [6.308, 52.58287], [6.29483, 52.58358], [6.28193, 52.5854], [6.26712, 52.5893], [6.25151, 52.59468], [6.23623, 52.60089], [6.22245, 52.60728], [6.21132, 52.6132], [6.20079, 52.62016], [6.19066, 52.62788], [6.18167, 52.63602], [6.18472, 52.6452], [6.19372, 52.65379], [6.20169, 52.66226], [6.20839, 52.67119], [6.21455, 52.6804], [6.21976, 52.68983], [6.22364, 52.69941], [6.22578, 52.70906], [6.22576, 52.719], [6.22355, 52.7296], [6.21959, 52.73932], [6.21423, 52.74835], [6.20782, 52.75691], [6.20069, 52.7652], [6.19318, 52.77343], [6.18564, 52.7818], [6.17841, 52.79052], [6.17182, 52.7998], [6.16609, 52.80942], [6.16247, 52.81897], [6.16169, 52.82875], [6.17112, 52.82532], [6.18062, 52.81765], [6.18054, 52.8177]]]}}, {"type": "Feature", "properties": {"slug": "limburgs-heuvelland", "name": "Limburgs heuvelland"}, "geometry": {"type": "Polygon", "coordinates": [[[6.05385, 51.01573], [6.06541, 51.00929], [6.07828, 51.00221], [6.08208, 50.99312], [6.07834, 50.98357], [6.07309, 50.97433], [6.08668, 50.96951], [6.10072, 50.96745], [6.11663, 50.97321], [6.12875, 50.97813], [6.1449, 50.97967], [6.16126, 50.98034], [6.17793, 50.97796], [6.19237, 50.97663], [6.20787, 50.98019], [6.22221, 50.9762], [6.22804, 50.97127], [6.22815, 50.96048], [6.22964, 50.9489], [6.23871, 50.94164], [6.25419, 50.94205], [6.27159, 50.94568], [6.28323, 50.94382], [6.27874, 50.93468], [6.27524, 50.92598], [6.27453, 50.91623], [6.27004, 50.9068], [6.26503, 50.89745], [6.2595, 50.88819], [6.24922, 50.88347], [6.23298, 50.88763], [6.21963, 50.88383], [6.21078, 50.87468], [6.21386, 50.86597], [6.21949, 50.85677], [6.2176, 50.84709], [6.21072, 50.83826], [6.1971, 50.83293], [6.18257, 50.8379], [6.16942, 50.84075], [6.15847, 50.83475], [6.15113, 50.82446], [6.14814, 50.81459], [6.15254, 50.80693], [6.16611, 50.79997], [6.18171, 50.79409], [6.19155, 50.7896], [6.20285, 50.77955], [6.20703, 50.7724], [6.20671, 50.76215], [6.20201, 50.75152], [6.19294, 50.74324], [6.17919, 50.74], [6.16233, 50.74173], [6.14813, 50.74602], [6.13477, 50.75108], [6.12043, 50.75509], [6.10386, 50.75589], [6.09024, 50.75089], [6.07438, 50.74845], [6.05952, 50.74752], [6.04448, 50.75183], [6.0284, 50.75713], [6.01375, 50.75746], [5.99953, 50.75421], [5.98324, 50.75328], [5.96784, 50.75611], [5.95602, 50.76444], [5.94613, 50.77333], [5.93619, 50.778], [5.92296, 50.77425], [5.90732, 50.76887], [5.89553, 50.76289], [5.88433, 50.75573], [5.8698, 50.75969], [5.85499, 50.75779], [5.839, 50.75619], [5.82599, 50.76284], [5.82713, 50.77221], [5.83196, 50.78164], [5.83442, 50.79142], [5.83381, 50.80108], [5.82716, 50.80991], [5.81262, 50.81497], [5.79732, 50.81888], [5.79441, 50.82582], [5.79761, 50.83553], [5.80179, 50.84667], [5.8034, 50.85649], [5.79925, 50.86536], [5.79363, 50.8756], [5.79474, 50.88591], [5.80568, 50.89053], [5.81703, 50.89775], [5.82525, 50.90633], [5.83412, 50.91503], [5.84389, 50.91882], [5.86301, 50.91577], [5.87842, 50.91431], [5.89344, 50.91664], [5.90889, 50.92154], [5.92299, 50.92802], [5.93396, 50.93508], [5.94089, 50.9431], [5.9461, 50.95308], [5.95257, 50.9614], [5.9606, 50.96981], [5.96877, 50.97839], [5.97623, 50.98729], [5.98285, 50.9979], [5.98817, 51.00897], [5.99155, 51.01667], [5.99561, 51.02286], [6.00297, 51.0294], [6.01626, 51.03815], [6.02803, 51.04729], [6.04091, 51.04235], [6.05148, 51.03485], [6.05227, 51.02533], [6.05361, 51.01578], [6.05385, 51.01573]]]}}, {"type": "Feature", "properties": {"slug": "limburgse-maasstreek", "name": "Limburgse Maasstreek"}, "geometry": {"type": "Polygon", "coordinates": [[[6.12033, 51.75494], [6.13174, 51.74777], [6.13672, 51.739], [6.13485, 51.72942], [6.13628, 51.71992], [6.14797, 51.71321], [6.1612, 51.70681], [6.17405, 51.70045], [6.18744, 51.69568], [6.20468, 51.69234], [6.21354, 51.68627], [6.21842, 51.67695], [6.22041, 51.66731], [6.22184, 51.65758], [6.22144, 51.64798], [6.21984, 51.63876], [6.22632, 51.63063], [6.23708, 51.6211], [6.24567, 51.61342], [6.25259, 51.60445], [6.26243, 51.59681], [6.27574, 51.59119], [6.28902, 51.58557], [6.30059, 51.57716], [6.30627, 51.5685], [6.3092, 51.55969], [6.31306, 51.55052], [6.31996, 51.54195], [6.32839, 51.53383], [6.33769, 51.52517], [6.34652, 51.51621], [6.35352, 51.5072], [6.35736, 51.49831], [6.35724, 51.48868], [6.3541, 51.47924], [6.34998, 51.46982], [6.34691, 51.46021], [6.34692, 51.45024], [6.34986, 51.44015], [6.3519, 51.43225], [6.35128, 51.42284], [6.34709, 51.41087], [6.34033, 51.40092], [6.33264, 51.39219], [6.32617, 51.38437], [6.3225, 51.37606], [6.32108, 51.36598], [6.3196, 51.3559], [6.31583, 51.34778], [6.30825, 51.34008], [6.29773, 51.3311], [6.28698, 51.32223], [6.27856, 51.31471], [6.27019, 51.30634], [6.26191, 51.2979], [6.25375, 51.28941], [6.24576, 51.28087], [6.23799, 51.27227], [6.23048, 51.26362], [6.2232, 51.25492], [6.21379, 51.24722], [6.21176, 51.23754], [6.21302, 51.2287], [6.22016, 51.22095], [6.23153, 51.21131], [6.2431, 51.20269], [6.25366, 51.19667], [6.26737, 51.19529], [6.28362, 51.19869], [6.29842, 51.2028], [6.3083, 51.20941], [6.32236, 51.20903], [6.3122, 51.20075], [6.30119, 51.19365], [6.30992, 51.18634], [6.31137, 51.17966], [6.29677, 51.17404], [6.28171, 51.16951], [6.2724, 51.16544], [6.26135, 51.15988], [6.24888, 51.1531], [6.23554, 51.14542], [6.22187, 51.1372], [6.20842, 51.12874], [6.19574, 51.12039], [6.18437, 51.11249], [6.17485, 51.10536], [6.16772, 51.09933], [6.16096, 51.09131], [6.15577, 51.08215], [6.15054, 51.07293], [6.14105, 51.06833], [6.12839, 51.07458], [6.11894, 51.08299], [6.11472, 51.09203], [6.09918, 51.09162], [6.08722, 51.08488], [6.07268, 51.07948], [6.05784, 51.0772], [6.04211, 51.07574], [6.0303, 51.07025], [6.02109, 51.06062], [6.02474, 51.05344], [6.01578, 51.04597], [6.00329, 51.03817], [5.9912, 51.03037], [5.98334, 51.02336], [5.97939, 51.01423], [5.97637, 51.00403], [5.97145, 50.99498], [5.96525, 50.98595], [5.95879, 50.97698], [5.95209, 50.96808], [5.94513, 50.95925], [5.93791, 50.95049], [5.93045, 50.9418], [5.91729, 50.93505], [5.91334, 50.92747], [5.89929, 50.92311], [5.88181, 50.92004], [5.87253, 50.92381], [5.86196, 50.92843], [5.86759, 50.93796], [5.87396, 50.94791], [5.87151, 50.95608], [5.86692, 50.96367], [5.87573, 50.97251], [5.88747, 50.97875], [5.89479, 50.986], [5.90547, 50.99748], [5.91158, 51.00467], [5.91033, 51.01408], [5.90781, 51.0236], [5.89565, 51.02986], [5.89752, 51.03841], [5.90638, 51.04661], [5.91415, 51.0552], [5.9278, 51.05901], [5.93956, 51.06624], [5.9477, 51.07513], [5.95103, 51.08741], [5.94448, 51.09297], [5.94399, 51.10208], [5.94552, 51.11282], [5.94636, 51.12242], [5.94019, 51.12893], [5.9496, 51.13602], [5.96052, 51.14302], [5.96759, 51.15228], [5.97188, 51.1623], [5.96982, 51.17153], [5.96015, 51.17773], [5.94469, 51.18228], [5.94724, 51.19102], [5.95281, 51.2002], [5.95895, 51.20926], [5.96761, 51.21774], [5.97724, 51.22536], [5.98582, 51.23314], [5.99137, 51.24207], [5.99209, 51.2535], [5.98987, 51.26341], [5.98788, 51.27059], [5.98879, 51.27769], [5.99523, 51.28735], [6.00619, 51.29877], [6.01524, 51.30727], [6.0244, 51.31539], [6.03359, 51.32323], [6.04276, 51.33087], [6.05187, 51.33842], [6.06084, 51.34597], [6.06964, 51.35362], [6.07819, 51.36147], [6.08645, 51.36962], [6.09436, 51.37816], [6.10187, 51.38719], [6.10891, 51.39681], [6.1153, 51.40689], [6.12068, 51.41644], [6.12551, 51.42602], [6.1298, 51.43562], [6.13357, 51.44523], [6.13681, 51.45487], [6.13954, 51.46451], [6.14177, 51.47416], [6.14351, 51.48382], [6.14475, 51.49348], [6.14552, 51.50313], [6.14582, 51.51278], [6.14566, 51.52242], [6.14504, 51.53205], [6.14398, 51.54166], [6.14248, 51.55126], [6.14055, 51.56083], [6.1382, 51.57037], [6.13543, 51.57988], [6.13227, 51.58936], [6.1287, 51.5988], [6.12475, 51.60821], [6.12043, 51.61756], [6.11572, 51.62688], [6.11066, 51.63614], [6.10524, 51.64534], [6.09948, 51.65449], [6.09338, 51.66358], [6.08695, 51.6726], [6.0802, 51.68155], [6.07313, 51.69044], [6.06576, 51.69924], [6.05809, 51.70797], [6.05014, 51.71662], [6.0419, 51.72518], [6.0332, 51.73338], [6.02257, 51.74109], [6.01586, 51.74972], [6.02052, 51.75861], [6.03549, 51.76194], [6.05271, 51.76321], [6.06663, 51.76838], [6.07871, 51.77012], [6.09551, 51.76671], [6.11008, 51.76191], [6.12041, 51.75489], [6.12033, 51.75494]]]}}, {"type": "Feature", "properties": {"slug": "vechtdal", "name": "Vechtdal"}, "geometry": {"type": "Polygon", "coordinates": [[[6.71872, 52.53941], [6.70311, 52.53646], [6.68986, 52.53168], [6.67813, 52.52436], [6.66553, 52.51767], [6.65179, 52.51419], [6.63581, 52.51194], [6.61869, 52.51001], [6.60227, 52.50785], [6.58656, 52.50486], [6.57115, 52.50161], [6.55624, 52.49839], [6.54138, 52.49534], [6.52611, 52.49259], [6.50997, 52.49025], [6.49268, 52.48847], [6.47627, 52.48757], [6.45981, 52.48723], [6.44339, 52.48705], [6.42713, 52.48661], [6.41161, 52.48558], [6.3957, 52.48405], [6.37918, 52.48232], [6.36232, 52.4807], [6.34539, 52.47951], [6.32869, 52.47908], [6.31247, 52.47973], [6.29703, 52.48178], [6.28287, 52.48562], [6.26897, 52.49178], [6.25544, 52.49825], [6.24252, 52.50274], [6.22763, 52.50592], [6.21324, 52.51021], [6.20349, 52.51829], [6.19748, 52.52736], [6.19079, 52.53637], [6.18373, 52.54533], [6.1766, 52.55428], [6.16972, 52.56327], [6.16339, 52.57233], [6.15792, 52.58148], [6.15341, 52.59199], [6.15247, 52.60138], [6.15542, 52.60975], [6.16215, 52.61799], [6.17253, 52.62701], [6.18593, 52.62179], [6.19647, 52.61443], [6.2072, 52.60696], [6.22147, 52.59925], [6.23531, 52.59284], [6.24883, 52.58769], [6.26228, 52.58368], [6.27594, 52.5807], [6.29005, 52.57864], [6.30489, 52.57736], [6.32071, 52.57677], [6.33777, 52.57673], [6.35634, 52.57714], [6.37065, 52.57768], [6.38542, 52.57849], [6.40173, 52.57961], [6.41914, 52.58105], [6.4372, 52.5828], [6.45548, 52.58485], [6.47354, 52.58721], [6.49093, 52.58988], [6.50723, 52.59285], [6.52199, 52.59612], [6.53477, 52.59969], [6.54608, 52.60404], [6.55743, 52.61043], [6.56868, 52.61758], [6.58106, 52.62432], [6.5958, 52.62948], [6.61243, 52.63199], [6.62521, 52.63407], [6.63879, 52.64189], [6.64808, 52.64992], [6.65637, 52.65814], [6.66445, 52.66638], [6.67306, 52.67452], [6.68299, 52.6824], [6.69501, 52.68989], [6.70749, 52.6943], [6.72677, 52.70025], [6.73915, 52.70167], [6.75464, 52.69844], [6.76998, 52.69494], [6.78347, 52.68952], [6.77589, 52.68239], [6.76964, 52.67469], [6.77107, 52.66504], [6.77004, 52.65485], [6.76943, 52.64482], [6.77282, 52.6353], [6.78084, 52.62778], [6.76749, 52.62231], [6.76188, 52.61365], [6.76069, 52.60334], [6.75443, 52.59482], [6.74938, 52.58682], [6.75239, 52.5779], [6.75655, 52.56777], [6.75673, 52.55726], [6.74622, 52.54998], [6.73244, 52.54466], [6.71872, 52.53941]]]}}, {"type": "Feature", "properties": {"slug": "achterhoek", "name": "Achterhoek"}, "geometry": {"type": "Polygon", "coordinates": [[[6.59439, 52.22494], [6.60175, 52.21736], [6.6106, 52.2089], [6.62072, 52.20021], [6.63193, 52.19198], [6.64403, 52.18487], [6.65682, 52.17956], [6.67097, 52.17646], [6.68705, 52.17488], [6.70163, 52.17558], [6.71709, 52.17901], [6.73715, 52.18055], [6.75612, 52.17878], [6.7678, 52.17472], [6.77732, 52.16936], [6.7898, 52.16369], [6.80545, 52.1599], [6.82464, 52.15772], [6.84337, 52.15585], [6.85473, 52.15369], [6.8617, 52.1455], [6.86319, 52.1361], [6.8551, 52.12756], [6.84189, 52.11998], [6.82733, 52.113], [6.81521, 52.10627], [6.80933, 52.09945], [6.81634, 52.09201], [6.82872, 52.08676], [6.84335, 52.08162], [6.8585, 52.07642], [6.87242, 52.07096], [6.88409, 52.06442], [6.89155, 52.05603], [6.89937, 52.04795], [6.90538, 52.03812], [6.89934, 52.02918], [6.89813, 52.02135], [6.90638, 52.01484], [6.91449, 52.00558], [6.91326, 51.99308], [6.90525, 51.98641], [6.89843, 51.97599], [6.90084, 51.96761], [6.90681, 51.95936], [6.90885, 51.94946], [6.89774, 51.94816], [6.88131, 51.95381], [6.8651, 51.96146], [6.85409, 51.96635], [6.84022, 51.96962], [6.82519, 51.97122], [6.8093, 51.97134], [6.79283, 51.9702], [6.77605, 51.968], [6.75925, 51.96493], [6.74271, 51.96122], [6.72672, 51.95706], [6.71154, 51.95265], [6.69748, 51.94821], [6.6848, 51.94394], [6.67117, 51.93858], [6.65793, 51.93284], [6.64515, 51.92675], [6.63284, 51.92032], [6.61875, 51.9139], [6.60369, 51.91124], [6.58854, 51.91159], [6.57302, 51.91336], [6.55685, 51.91498], [6.53931, 51.91485], [6.52337, 51.91095], [6.51738, 51.90387], [6.50863, 51.89423], [6.49544, 51.88759], [6.48165, 51.88615], [6.46716, 51.88818], [6.45191, 51.89195], [6.4358, 51.89573], [6.41803, 51.89788], [6.40297, 51.89816], [6.38933, 51.89973], [6.37323, 51.90568], [6.36159, 51.9127], [6.35262, 51.92064], [6.34549, 51.92924], [6.33934, 51.93825], [6.33335, 51.94741], [6.32667, 51.95646], [6.3164, 51.96716], [6.30689, 51.97347], [6.29661, 51.97787], [6.28257, 51.98455], [6.2709, 51.9914], [6.25996, 51.99862], [6.24935, 52.006], [6.23869, 52.01336], [6.2276, 52.02048], [6.21568, 52.02717], [6.20256, 52.03324], [6.18788, 52.03765], [6.18363, 52.04276], [6.18972, 52.0536], [6.19666, 52.06499], [6.1994, 52.07317], [6.199, 52.08332], [6.19777, 52.09346], [6.19823, 52.10249], [6.2014, 52.1116], [6.20658, 52.12079], [6.21317, 52.13], [6.22054, 52.13918], [6.22806, 52.14828], [6.23512, 52.15725], [6.24109, 52.16603], [6.24629, 52.17522], [6.25099, 52.1846], [6.25516, 52.19407], [6.25879, 52.20361], [6.26188, 52.21322], [6.26442, 52.22289], [6.26642, 52.23262], [6.27877, 52.23439], [6.29408, 52.23149], [6.30925, 52.22824], [6.32558, 52.22632], [6.34241, 52.22623], [6.35917, 52.22712], [6.37554, 52.22824], [6.39125, 52.22885], [6.40645, 52.22802], [6.42112, 52.22526], [6.43689, 52.22262], [6.4544, 52.22236], [6.47083, 52.22507], [6.48724, 52.22931], [6.50296, 52.23353], [6.51733, 52.23615], [6.52834, 52.23597], [6.54479, 52.23377], [6.56587, 52.23051], [6.58469, 52.22717], [6.59439, 52.22475], [6.59439, 52.22494]]]}}, {"type": "Feature", "properties": {"slug": "twente", "name": "Twente"}, "geometry": {"type": "Polygon", "coordinates": [[[6.71872, 52.53941], [6.7349, 52.54068], [6.74951, 52.54431], [6.76467, 52.54339], [6.77354, 52.53582], [6.7848, 52.52666], [6.7983, 52.52168], [6.81235, 52.51674], [6.82431, 52.50989], [6.83596, 52.50304], [6.85245, 52.49711], [6.86713, 52.49752], [6.88131, 52.50002], [6.89835, 52.49975], [6.91514, 52.49813], [6.93058, 52.49617], [6.94526, 52.49415], [6.95978, 52.49238], [6.97473, 52.49115], [6.99071, 52.49075], [7.00831, 52.49146], [7.02672, 52.49349], [7.04189, 52.49664], [7.05707, 52.4989], [7.07399, 52.4975], [7.08663, 52.49221], [7.09344, 52.48436], [7.09696, 52.47488], [7.09971, 52.46475], [7.10416, 52.45493], [7.11283, 52.44638], [7.12696, 52.44082], [7.14092, 52.43495], [7.14772, 52.42637], [7.14685, 52.41743], [7.14186, 52.40797], [7.13577, 52.39844], [7.12872, 52.3897], [7.12625, 52.38039], [7.13331, 52.37175], [7.13673, 52.36226], [7.13423, 52.35235], [7.13446, 52.34262], [7.13691, 52.33292], [7.14009, 52.3233], [7.14398, 52.31377], [7.15093, 52.30576], [7.1458, 52.29698], [7.13511, 52.28827], [7.12439, 52.2814], [7.11177, 52.27526], [7.09685, 52.26907], [7.08295, 52.26295], [7.07323, 52.2569], [7.06732, 52.2476], [7.06164, 52.23915], [7.05051, 52.23316], [7.03563, 52.22863], [7.01936, 52.22453], [7.00402, 52.21984], [6.99195, 52.21355], [6.98552, 52.20449], [6.98573, 52.19534], [6.98157, 52.18827], [6.96195, 52.18366], [6.94323, 52.1838], [6.93013, 52.18429], [6.91721, 52.18124], [6.89831, 52.17637], [6.88658, 52.17296], [6.8695, 52.16716], [6.85429, 52.16245], [6.84064, 52.16215], [6.82452, 52.16371], [6.80892, 52.16655], [6.79405, 52.17065], [6.78136, 52.17663], [6.77007, 52.18388], [6.75373, 52.18698], [6.73972, 52.18878], [6.73323, 52.19714], [6.72676, 52.20808], [6.71978, 52.21574], [6.7102, 52.22363], [6.7005, 52.23176], [6.69255, 52.24066], [6.68635, 52.25041], [6.68179, 52.26008], [6.67864, 52.26969], [6.6767, 52.27926], [6.67575, 52.28881], [6.67557, 52.29836], [6.67596, 52.30793], [6.6767, 52.31755], [6.67757, 52.32722], [6.67836, 52.33698], [6.67885, 52.34684], [6.67884, 52.35682], [6.67698, 52.37029], [6.67183, 52.38145], [6.66398, 52.38984], [6.65402, 52.39614], [6.64253, 52.40103], [6.63011, 52.4052], [6.61733, 52.40934], [6.6048, 52.41412], [6.59309, 52.42023], [6.58279, 52.42836], [6.57654, 52.43657], [6.57309, 52.44598], [6.57093, 52.45691], [6.5699, 52.46802], [6.56987, 52.47794], [6.57141, 52.48736], [6.57882, 52.49502], [6.59222, 52.49913], [6.6081, 52.50208], [6.62483, 52.50416], [6.64294, 52.50617], [6.65902, 52.50844], [6.66942, 52.51125], [6.68121, 52.51716], [6.69564, 52.52514], [6.70925, 52.53263], [6.71864, 52.53932], [6.71872, 52.53941]]]}}, {"type": "Feature", "properties": {"slug": "rijk-van-nijmegen", "name": "Rijk van Nijmegen"}, "geometry": {"type": "Polygon", "coordinates": [[[6.0567, 51.86424], [6.05422, 51.85388], [6.05965, 51.84686], [6.07372, 51.84076], [6.07848, 51.83172], [6.07826, 51.82174], [6.07782, 51.81179], [6.07955, 51.80296], [6.06559, 51.79632], [6.05641, 51.78951], [6.05239, 51.77987], [6.05598, 51.77344], [6.0443, 51.76876], [6.02782, 51.76772], [6.01264, 51.76441], [5.99685, 51.76372], [5.98061, 51.76705], [5.96569, 51.76624], [5.95145, 51.76166], [5.93583, 51.75784], [5.91989, 51.75887], [5.90885, 51.76561], [5.89801, 51.77511], [5.88832, 51.7829], [5.87673, 51.78892], [5.86283, 51.79624], [5.85307, 51.80393], [5.85302, 51.80975], [5.85593, 51.82124], [5.85943, 51.83418], [5.86166, 51.84333], [5.86173, 51.85316], [5.86208, 51.86199], [5.86872, 51.87005], [5.88444, 51.87639], [5.89993, 51.87995], [5.91559, 51.88319], [5.93147, 51.88574], [5.94812, 51.886], [5.96466, 51.88647], [5.98002, 51.88275], [5.99539, 51.87902], [6.01075, 51.87529], [6.02612, 51.87156], [6.04148, 51.86783], [6.0567, 51.86424]]]}}, {"type": "Feature", "properties": {"slug": "drents-plateau-en-friese-wouden", "name": "Drents Plateau en Friese Wouden"}, "geometry": {"type": "MultiPolygon", "coordinates": [[[[6.50325, 53.19143], [6.51018, 53.19774], [6.51442, 53.20762], [6.51652, 53.21911], [6.51703, 53.23022], [6.51649, 53.23899], [6.52855, 53.24505], [6.54328, 53.24616], [6.558, 53.24336], [6.57221, 53.23805], [6.58537, 53.23163], [6.59758, 53.22483], [6.60835, 53.21707], [6.6176, 53.2088], [6.62603, 53.20034], [6.63432, 53.19203], [6.64315, 53.1842], [6.6532, 53.17716], [6.66516, 53.17124], [6.6797, 53.16677], [6.69626, 53.16435], [6.71236, 53.16483], [6.72834, 53.16742], [6.74414, 53.17125], [6.75968, 53.17541], [6.7749, 53.17904], [6.78972, 53.18124], [6.80455, 53.18128], [6.82067, 53.17966], [6.83739, 53.17743], [6.85385, 53.17567], [6.86934, 53.17553], [6.88509, 53.17865], [6.90045, 53.18064], [6.91667, 53.18133], [6.93352, 53.18165], [6.95002, 53.18205], [6.96207, 53.17995], [6.96864, 53.16991], [6.97329, 53.1597], [6.97852, 53.15185], [6.98508, 53.14271], [6.99267, 53.13313], [7.0012, 53.12385], [7.01057, 53.11562], [7.02069, 53.10916], [7.03433, 53.10441], [7.04994, 53.10266], [7.06635, 53.10289], [7.08296, 53.10374], [7.09919, 53.10389], [7.11511, 53.10231], [7.13078, 53.09966], [7.14593, 53.09609], [7.16044, 53.09163], [7.17368, 53.08599], [7.18557, 53.07909], [7.19719, 53.07197], [7.20949, 53.06564], [7.22341, 53.0611], [7.22825, 53.05319], [7.22862, 53.04424], [7.21783, 53.03567], [7.20707, 53.02782], [7.20455, 53.01991], [7.20459, 53.01017], [7.20354, 53.00012], [7.19875, 52.9908], [7.19303, 52.98192], [7.18713, 52.97273], [7.18107, 52.96338], [7.17488, 52.954], [7.16856, 52.94472], [7.16215, 52.93567], [7.15565, 52.92699], [7.14844, 52.91797], [7.14087, 52.9089], [7.13368, 52.90029], [7.12704, 52.89191], [7.1211, 52.88357], [7.11603, 52.87507], [7.112, 52.86619], [7.10917, 52.85673], [7.1077, 52.84649], [7.10775, 52.83525], [7.10877, 52.82398], [7.10989, 52.81402], [7.11089, 52.80496], [7.11154, 52.79641], [7.11161, 52.78795], [7.11087, 52.7792], [7.10911, 52.76975], [7.10609, 52.75919], [7.10185, 52.74737], [7.10101, 52.73681], [7.10279, 52.72748], [7.10385, 52.71849], [7.09966, 52.70864], [7.08749, 52.70521], [7.07091, 52.70571], [7.0544, 52.70476], [7.03904, 52.70102], [7.02742, 52.69899], [7.01578, 52.69825], [6.99946, 52.69762], [6.97995, 52.69712], [6.95871, 52.69677], [6.93724, 52.6966], [6.917, 52.69662], [6.89947, 52.69686], [6.88613, 52.69733], [6.87611, 52.69838], [6.86002, 52.70062], [6.8462, 52.70154], [6.83022, 52.70076], [6.81292, 52.69798], [6.79565, 52.69366], [6.78501, 52.69639], [6.77059, 52.70195], [6.75328, 52.70593], [6.73848, 52.70745], [6.72351, 52.70933], [6.71154, 52.71597], [6.70065, 52.72323], [6.69138, 52.73123], [6.68351, 52.73979], [6.6749, 52.74808], [6.66548, 52.75593], [6.65489, 52.76308], [6.64321, 52.76972], [6.63056, 52.77585], [6.6171, 52.78149], [6.60298, 52.78663], [6.58834, 52.79131], [6.57333, 52.79551], [6.55809, 52.79926], [6.54277, 52.80256], [6.52832, 52.80526], [6.51458, 52.80466], [6.49473, 52.80364], [6.47875, 52.80441], [6.46258, 52.80562], [6.44637, 52.80683], [6.43014, 52.808], [6.4139, 52.80911], [6.39766, 52.8101], [6.38142, 52.81096], [6.3652, 52.81164], [6.34996, 52.81207], [6.33491, 52.81219], [6.31857, 52.81213], [6.30134, 52.81205], [6.2836, 52.81208], [6.26577, 52.81236], [6.24823, 52.81304], [6.2314, 52.81426], [6.21566, 52.81615], [6.20141, 52.81886], [6.18878, 52.82283], [6.17786, 52.83001], [6.17119, 52.83884], [6.1708, 52.84688], [6.1779, 52.85538], [6.18796, 52.86522], [6.19688, 52.87465], [6.19978, 52.88202], [6.18919, 52.88757], [6.17068, 52.89163], [6.15203, 52.89412], [6.13857, 52.89501], [6.12358, 52.89366], [6.10965, 52.89017], [6.09626, 52.88537], [6.0829, 52.88009], [6.06905, 52.87515], [6.05418, 52.8714], [6.03779, 52.86966], [6.01935, 52.87077], [6.00358, 52.87511], [5.98938, 52.87793], [5.97196, 52.87943], [5.95534, 52.88182], [5.94871, 52.88822], [5.93848, 52.88933], [5.92101, 52.89489], [5.91223, 52.90486], [5.90733, 52.91418], [5.90333, 52.92365], [5.90026, 52.93324], [5.90454, 52.9421], [5.90572, 52.95185], [5.90985, 52.96124], [5.91844, 52.96891], [5.93007, 52.97486], [5.94406, 52.97946], [5.95971, 52.98305], [5.97632, 52.98601], [5.9932, 52.98869], [6.00965, 52.99145], [6.02499, 52.99465], [6.03851, 52.99865], [6.05102, 53.00437], [6.06323, 53.01119], [6.0758, 53.01773], [6.09023, 53.02296], [6.10607, 53.02703], [6.12087, 53.03011], [6.1347, 53.033], [6.14761, 53.03652], [6.15968, 53.04147], [6.17096, 53.04867], [6.18153, 53.05893], [6.18958, 53.06997], [6.19445, 53.0801], [6.19653, 53.08953], [6.19619, 53.09845], [6.1938, 53.10704], [6.18972, 53.11548], [6.18432, 53.12395], [6.17797, 53.13265], [6.17103, 53.14174], [6.16387, 53.15142], [6.15785, 53.16048], [6.1527, 53.16967], [6.14839, 53.17915], [6.14503, 53.18884], [6.14272, 53.19865], [6.1416, 53.20851], [6.14176, 53.21833], [6.14333, 53.22805], [6.14643, 53.23758], [6.15116, 53.24684], [6.15746, 53.25553], [6.16462, 53.26293], [6.17475, 53.27166], [6.18681, 53.28038], [6.19982, 53.28776], [6.21276, 53.29242], [6.22773, 53.29325], [6.24328, 53.29046], [6.25561, 53.28487], [6.2657, 53.27743], [6.27455, 53.26907], [6.28316, 53.26074], [6.29343, 53.25229], [6.30446, 53.24424], [6.3156, 53.23706], [6.32699, 53.23065], [6.33876, 53.22491], [6.35107, 53.21972], [6.36404, 53.21499], [6.37782, 53.21061], [6.39255, 53.20646], [6.40836, 53.20246], [6.42451, 53.19869], [6.43877, 53.19541], [6.45601, 53.19189], [6.47397, 53.18927], [6.49041, 53.1887], [6.50309, 53.19133], [6.50325, 53.19143]]], [[[5.68337, 52.87895], [5.66691, 52.87737], [5.65098, 52.8767], [5.63474, 52.87519], [5.61865, 52.87136], [5.605, 52.8661], [5.59015, 52.86169], [5.57218, 52.85983], [5.55699, 52.86097], [5.54279, 52.86408], [5.52774, 52.86812], [5.50999, 52.87184], [5.50007, 52.87458], [5.50267, 52.8866], [5.50929, 52.89525], [5.52005, 52.90269], [5.53353, 52.90898], [5.54827, 52.91417], [5.56252, 52.91824], [5.5744, 52.92104], [5.59277, 52.92507], [5.61317, 52.92928], [5.63114, 52.93265], [5.64222, 52.93415], [5.65759, 52.93242], [5.67346, 52.92962], [5.68834, 52.92529], [5.69665, 52.91759], [5.69836, 52.90798], [5.69543, 52.89759], [5.68981, 52.88754], [5.68345, 52.87895], [5.68337, 52.87895]]]]}}, {"type": "Feature", "properties": {"slug": "gelderse-poort", "name": "Gelderse Poort en Pannerden"}, "geometry": {"type": "Polygon", "coordinates": [[[6.33466, 51.92422], [6.32061, 51.92954], [6.30518, 51.933], [6.29049, 51.9364], [6.27692, 51.94145], [6.26224, 51.94613], [6.2464, 51.94624], [6.23625, 51.93911], [6.24679, 51.93088], [6.26001, 51.92413], [6.25642, 51.91694], [6.25011, 51.90936], [6.24931, 51.89954], [6.23915, 51.89458], [6.22424, 51.89302], [6.20608, 51.89257], [6.1872, 51.892], [6.17013, 51.89005], [6.15756, 51.88559], [6.14684, 51.87796], [6.13471, 51.87101], [6.11916, 51.86811], [6.10312, 51.86636], [6.08686, 51.86572], [6.07102, 51.86682], [6.05822, 51.87191], [6.04436, 51.87541], [6.0279, 51.87957], [6.01036, 51.88388], [5.99329, 51.88782], [5.97822, 51.89088], [5.96649, 51.89255], [5.95326, 51.89277], [5.93692, 51.8917], [5.91885, 51.88945], [5.90044, 51.88613], [5.88306, 51.88185], [5.86811, 51.87671], [5.85696, 51.87083], [5.85065, 51.86354], [5.85121, 51.85415], [5.85205, 51.84441], [5.85113, 51.83464], [5.84897, 51.82495], [5.84556, 51.81539], [5.8409, 51.80599], [5.82484, 51.80697], [5.8086, 51.80808], [5.79238, 51.80931], [5.77677, 51.81209], [5.76165, 51.81115], [5.74104, 51.80919], [5.72667, 51.80923], [5.72399, 51.81782], [5.72306, 51.82763], [5.72296, 51.83739], [5.72329, 51.84714], [5.72364, 51.85688], [5.72349, 51.86655], [5.7214, 51.87632], [5.72044, 51.886], [5.72115, 51.89547], [5.72261, 51.90507], [5.72467, 51.91475], [5.72719, 51.9245], [5.73001, 51.9343], [5.73297, 51.94411], [5.73594, 51.95392], [5.73876, 51.9637], [5.74127, 51.97342], [5.74333, 51.98306], [5.74406, 51.99248], [5.7446, 52.00301], [5.75195, 52.00586], [5.76637, 52.00678], [5.78644, 52.00755], [5.80814, 52.00817], [5.82747, 52.00864], [5.84043, 52.00896], [5.85757, 52.00917], [5.87276, 52.00858], [5.88725, 52.00755], [5.90378, 52.00653], [5.92274, 52.00632], [5.93817, 52.00768], [5.95297, 52.00949], [5.96966, 52.01047], [5.98545, 52.0106], [6.00037, 52.01173], [6.01497, 52.01582], [6.02781, 52.0233], [6.03696, 52.03133], [6.04518, 52.03974], [6.05411, 52.04789], [6.06538, 52.05523], [6.07405, 52.06042], [6.09274, 52.05887], [6.10755, 52.05535], [6.12273, 52.05057], [6.13782, 52.04519], [6.15234, 52.03988], [6.16582, 52.03532], [6.18008, 52.03218], [6.19577, 52.02886], [6.20856, 52.02371], [6.22038, 52.01703], [6.23151, 52.00941], [6.24223, 52.00142], [6.2528, 51.99365], [6.2635, 51.98667], [6.276, 51.98024], [6.28904, 51.97425], [6.30128, 51.9679], [6.31073, 51.96096], [6.3172, 51.95306], [6.32591, 51.94103], [6.33305, 51.92973], [6.33482, 51.92403], [6.33466, 51.92422]]]}}, {"type": "Feature", "properties": {"slug": "ijsseldal", "name": "IJsseldal"}, "geometry": {"type": "Polygon", "coordinates": [[[5.98599, 52.64256], [5.99039, 52.6346], [5.99592, 52.62533], [6.00253, 52.61539], [6.01018, 52.60546], [6.01883, 52.59619], [6.02844, 52.58823], [6.03898, 52.58224], [6.05235, 52.5781], [6.06795, 52.57536], [6.08413, 52.57434], [6.0996, 52.57716], [6.11426, 52.5814], [6.12696, 52.58737], [6.14184, 52.59423], [6.14433, 52.58728], [6.14965, 52.57829], [6.15576, 52.56936], [6.16242, 52.56046], [6.1694, 52.55156], [6.17651, 52.54265], [6.18353, 52.5337], [6.19025, 52.52471], [6.19646, 52.51565], [6.20196, 52.5065], [6.20636, 52.49774], [6.21045, 52.48897], [6.21476, 52.47932], [6.21908, 52.46912], [6.22319, 52.45873], [6.22685, 52.44847], [6.22984, 52.4387], [6.23195, 52.42976], [6.23268, 52.42105], [6.23165, 52.4098], [6.23286, 52.4018], [6.24173, 52.39414], [6.24381, 52.38394], [6.24603, 52.37449], [6.25292, 52.3659], [6.26104, 52.35705], [6.26531, 52.34953], [6.2688, 52.34084], [6.27184, 52.3309], [6.27435, 52.32012], [6.27626, 52.30896], [6.27749, 52.29783], [6.27798, 52.28716], [6.27765, 52.27739], [6.27642, 52.26894], [6.27351, 52.2609], [6.26735, 52.25163], [6.26059, 52.24243], [6.25592, 52.23344], [6.25269, 52.22387], [6.24995, 52.21445], [6.2474, 52.20511], [6.24471, 52.19577], [6.24157, 52.18634], [6.23764, 52.17677], [6.23261, 52.16695], [6.22669, 52.15779], [6.21969, 52.14895], [6.21205, 52.14002], [6.20456, 52.13102], [6.19801, 52.12202], [6.19316, 52.11305], [6.19053, 52.1037], [6.18969, 52.09413], [6.18963, 52.08448], [6.18929, 52.0748], [6.18762, 52.06516], [6.18359, 52.05562], [6.17569, 52.04589], [6.1632, 52.0441], [6.14912, 52.04986], [6.13426, 52.05383], [6.11911, 52.05751], [6.10403, 52.06115], [6.09041, 52.06543], [6.07408, 52.06739], [6.07597, 52.07598], [6.07761, 52.08498], [6.08136, 52.0949], [6.08754, 52.1042], [6.09422, 52.11317], [6.10135, 52.122], [6.10875, 52.13075], [6.11624, 52.13945], [6.12367, 52.14814], [6.13086, 52.15686], [6.13764, 52.16565], [6.14385, 52.17455], [6.14926, 52.18373], [6.15424, 52.19302], [6.15887, 52.20238], [6.16312, 52.2118], [6.167, 52.22128], [6.17051, 52.23082], [6.16919, 52.23903], [6.16523, 52.24916], [6.16132, 52.25967], [6.16013, 52.2692], [6.16202, 52.27893], [6.16441, 52.28867], [6.1646, 52.29826], [6.16104, 52.30782], [6.15681, 52.31731], [6.15491, 52.32701], [6.15481, 52.33677], [6.15585, 52.34649], [6.15745, 52.35618], [6.15902, 52.36588], [6.15999, 52.37561], [6.15955, 52.38538], [6.15713, 52.39504], [6.15358, 52.40455], [6.1489, 52.41389], [6.14365, 52.4239], [6.13823, 52.43391], [6.13242, 52.44344], [6.12616, 52.45252], [6.11936, 52.46115], [6.11196, 52.46936], [6.10388, 52.47715], [6.09504, 52.48453], [6.08538, 52.49153], [6.07481, 52.49814], [6.06326, 52.50439], [6.05067, 52.51029], [6.03694, 52.51585], [6.02202, 52.52108], [6.00598, 52.52596], [5.99659, 52.53097], [5.9867, 52.5395], [5.97705, 52.54963], [5.96842, 52.55946], [5.96155, 52.56707], [5.9529, 52.57473], [5.94327, 52.5826], [5.93321, 52.59027], [5.92272, 52.59773], [5.91181, 52.60498], [5.89917, 52.61108], [5.88982, 52.61702], [5.88626, 52.62917], [5.89183, 52.63623], [5.90888, 52.63499], [5.92355, 52.63379], [5.93983, 52.63421], [5.9556, 52.63723], [5.97024, 52.64143], [5.98591, 52.64237], [5.98599, 52.64256]]]}}, {"type": "Feature", "properties": {"slug": "laaglandrivieren", "name": "Laaglandrivieren"}, "geometry": {"type": "MultiPolygon", "coordinates": [[[[5.33609, 52.09297], [5.34629, 52.08429], [5.35405, 52.07602], [5.36112, 52.06821], [5.36926, 52.06091], [5.38025, 52.05417], [5.39582, 52.04804], [5.41099, 52.04437], [5.42623, 52.0408], [5.43974, 52.03527], [5.45234, 52.02865], [5.46498, 52.02294], [5.4807, 52.01846], [5.49609, 52.01574], [5.51142, 52.0138], [5.52693, 52.01167], [5.54341, 52.00836], [5.55824, 52.00449], [5.57191, 52.00102], [5.58594, 51.99872], [5.60183, 51.99837], [5.6195, 52.00069], [5.63454, 52.00506], [5.6511, 52.00485], [5.66684, 52.00426], [5.68057, 52.00522], [5.70039, 52.00688], [5.71985, 52.00795], [5.73172, 52.00709], [5.73542, 51.99792], [5.73501, 51.9888], [5.73368, 51.97929], [5.73171, 51.96943], [5.72925, 51.95938], [5.72646, 51.94928], [5.72351, 51.93927], [5.72054, 51.9295], [5.71771, 51.92011], [5.71516, 51.911], [5.71335, 51.90131], [5.71255, 51.89158], [5.71254, 51.88182], [5.71312, 51.87205], [5.71406, 51.86227], [5.71516, 51.8525], [5.7162, 51.84275], [5.71696, 51.83304], [5.71644, 51.82336], [5.71732, 51.81366], [5.70514, 51.81338], [5.68901, 51.81469], [5.67277, 51.81532], [5.65648, 51.81526], [5.64042, 51.81442], [5.62414, 51.81269], [5.60788, 51.8113], [5.59225, 51.81151], [5.57646, 51.81299], [5.56035, 51.81505], [5.54407, 51.81704], [5.52773, 51.81832], [5.51149, 51.81861], [5.49528, 51.81872], [5.47902, 51.8188], [5.46269, 51.81892], [5.44627, 51.81914], [5.42994, 51.81911], [5.41382, 51.81862], [5.39788, 51.81777], [5.38206, 51.81669], [5.36632, 51.81548], [5.35062, 51.81424], [5.3349, 51.81309], [5.31914, 51.81214], [5.30327, 51.8115], [5.28727, 51.81127], [5.27107, 51.81156], [5.25464, 51.81249], [5.23792, 51.81416], [5.22089, 51.81668], [5.20493, 51.82047], [5.19188, 51.82434], [5.17909, 51.82499], [5.16358, 51.82447], [5.1462, 51.82301], [5.12776, 51.82084], [5.10911, 51.81816], [5.09107, 51.81522], [5.07448, 51.81223], [5.06016, 51.80941], [5.04744, 51.80659], [5.03324, 51.80163], [5.02161, 51.79525], [5.01178, 51.78789], [5.00295, 51.77996], [4.99435, 51.77189], [4.98519, 51.7641], [4.97468, 51.75701], [4.96203, 51.75105], [4.94647, 51.74664], [4.92978, 51.74442], [4.91347, 51.7438], [4.89659, 51.74364], [4.88046, 51.74311], [4.86424, 51.74224], [4.84806, 51.74108], [4.83194, 51.73966], [4.81591, 51.73795], [4.79997, 51.73596], [4.78413, 51.7337], [4.76842, 51.73116], [4.75287, 51.72861], [4.73715, 51.72657], [4.72127, 51.72496], [4.70526, 51.72369], [4.68914, 51.72265], [4.67292, 51.72175], [4.65663, 51.7209], [4.64028, 51.72001], [4.6239, 51.71897], [4.6075, 51.7177], [4.59119, 51.71602], [4.5753, 51.71373], [4.55957, 51.71151], [4.54367, 51.7102], [4.52724, 51.71059], [4.51172, 51.71261], [4.49565, 51.71483], [4.48124, 51.7162], [4.49412, 51.72214], [4.50874, 51.72583], [4.52456, 51.7279], [4.54103, 51.72898], [4.55761, 51.72971], [4.57375, 51.73073], [4.5896, 51.73255], [4.60552, 51.73464], [4.62137, 51.73688], [4.63717, 51.73927], [4.65289, 51.74181], [4.66855, 51.7445], [4.68401, 51.74738], [4.69894, 51.75148], [4.71373, 51.75608], [4.72854, 51.75973], [4.74312, 51.7615], [4.75917, 51.76235], [4.77626, 51.76266], [4.7937, 51.76272], [4.81078, 51.76284], [4.8268, 51.76332], [4.83922, 51.76444], [4.85316, 51.76844], [4.87098, 51.774], [4.88542, 51.77799], [4.90101, 51.7808], [4.91687, 51.78303], [4.93291, 51.78466], [4.93419, 51.79386], [4.92377, 51.79554], [4.90575, 51.79369], [4.88525, 51.79052], [4.86737, 51.78826], [4.86163, 51.79086], [4.87434, 51.79645], [4.88807, 51.8042], [4.89486, 51.81409], [4.88965, 51.81941], [4.87615, 51.82003], [4.85812, 51.81587], [4.84498, 51.81023], [4.83181, 51.80361], [4.81856, 51.79757], [4.80382, 51.7942], [4.79895, 51.79901], [4.80275, 51.80864], [4.80499, 51.81812], [4.80021, 51.82598], [4.79023, 51.81819], [4.78114, 51.81019], [4.77187, 51.80239], [4.76136, 51.79522], [4.74856, 51.78911], [4.73756, 51.78567], [4.72433, 51.78244], [4.70538, 51.77796], [4.68435, 51.77309], [4.66486, 51.76868], [4.65057, 51.76557], [4.64162, 51.76445], [4.62562, 51.76533], [4.60941, 51.76432], [4.59335, 51.76336], [4.57749, 51.76397], [4.56409, 51.76885], [4.56283, 51.7793], [4.5532, 51.78428], [4.53983, 51.78992], [4.52768, 51.7959], [4.51436, 51.80236], [4.5005, 51.80873], [4.48673, 51.81444], [4.47368, 51.81892], [4.45929, 51.82282], [4.44429, 51.82646], [4.42901, 51.83006], [4.41377, 51.83381], [4.39884, 51.83793], [4.38462, 51.84262], [4.37121, 51.84807], [4.35821, 51.85409], [4.34539, 51.86034], [4.33253, 51.8665], [4.31938, 51.87223], [4.30571, 51.87721], [4.29125, 51.88163], [4.27662, 51.88592], [4.26188, 51.89007], [4.24702, 51.89407], [4.23206, 51.89792], [4.21698, 51.90161], [4.20181, 51.90516], [4.18653, 51.90856], [4.17168, 51.91164], [4.15601, 51.91353], [4.14061, 51.9178], [4.13707, 51.92577], [4.14492, 51.93452], [4.14066, 51.94377], [4.12607, 51.94612], [4.1086, 51.94761], [4.09886, 51.95388], [4.10229, 51.96342], [4.10571, 51.97297], [4.1148, 51.96977], [4.12757, 51.96389], [4.14167, 51.95765], [4.15625, 51.95239], [4.1705, 51.94943], [4.18589, 51.9497], [4.20208, 51.94975], [4.21655, 51.9475], [4.2315, 51.94378], [4.24673, 51.93906], [4.26203, 51.93379], [4.27717, 51.92842], [4.29195, 51.92341], [4.30614, 51.91922], [4.31964, 51.91632], [4.33576, 51.91479], [4.35193, 51.91368], [4.36818, 51.91128], [4.37866, 51.91018], [4.39027, 51.90351], [4.4044, 51.89943], [4.41992, 51.89667], [4.43572, 51.89396], [4.44993, 51.88987], [4.46385, 51.88306], [4.47764, 51.88016], [4.49392, 51.88027], [4.51011, 51.88125], [4.5254, 51.88316], [4.54009, 51.88619], [4.55482, 51.89016], [4.56952, 51.89486], [4.58414, 51.90006], [4.59862, 51.90555], [4.61291, 51.91113], [4.62694, 51.91658], [4.64066, 51.92168], [4.65401, 51.92622], [4.66778, 51.92983], [4.68351, 51.93212], [4.70024, 51.93363], [4.71688, 51.93499], [4.73307, 51.93691], [4.75047, 51.93969], [4.76658, 51.94285], [4.78161, 51.94639], [4.79573, 51.95032], [4.80915, 51.95464], [4.82205, 51.95936], [4.83462, 51.96449], [4.84706, 51.97003], [4.85956, 51.97599], [4.87231, 51.98237], [4.88549, 51.98919], [4.89752, 51.99367], [4.90971, 51.99514], [4.92402, 51.99628], [4.94012, 51.99718], [4.95764, 51.99791], [4.97626, 51.99854], [4.99561, 51.99916], [5.01536, 51.99983], [5.03516, 52.00064], [5.05466, 52.00166], [5.07353, 52.00296], [5.0914, 52.00463], [5.10794, 52.00675], [5.12281, 52.00937], [5.13564, 52.01259], [5.14611, 52.01649], [5.15387, 52.02112], [5.16044, 52.02943], [5.1614, 52.03885], [5.15738, 52.04817], [5.14998, 52.05701], [5.14135, 52.06423], [5.1298, 52.06966], [5.11482, 52.0747], [5.09834, 52.07942], [5.08231, 52.08392], [5.06865, 52.08827], [5.05554, 52.09444], [5.04792, 52.10103], [5.06368, 52.10353], [5.07962, 52.10551], [5.09571, 52.10697], [5.11191, 52.10789], [5.1282, 52.10827], [5.14436, 52.1076], [5.16013, 52.10577], [5.17595, 52.10378], [5.19232, 52.10258], [5.20888, 52.10297], [5.22494, 52.10467], [5.24075, 52.10712], [5.25644, 52.10977], [5.27214, 52.11209], [5.29006, 52.11318], [5.3048, 52.11101], [5.31666, 52.10604], [5.32746, 52.09895], [5.08683, 51.95647], [5.07075, 51.95606], [5.05574, 51.95556], [5.04013, 51.95535], [5.02226, 51.95583], [5.00584, 51.95645], [4.98958, 51.95685], [4.9733, 51.95703], [4.95701, 51.957], [4.94072, 51.95676], [4.92284, 51.95651], [4.90716, 51.95688], [4.89417, 51.95678], [4.87894, 51.95497], [4.85847, 51.95065], [4.84185, 51.946], [4.82939, 51.94117], [4.8193, 51.93584], [4.80978, 51.92968], [4.79905, 51.92236], [4.78555, 51.91374], [4.77169, 51.90647], [4.75831, 51.90113], [4.745, 51.89729], [4.7314, 51.8945], [4.7171, 51.89234], [4.70174, 51.89037], [4.68492, 51.88815], [4.66817, 51.8857], [4.65142, 51.88306], [4.63654, 51.87882], [4.62725, 51.8714], [4.6244, 51.86199], [4.62871, 51.85285], [4.63971, 51.84556], [4.65284, 51.83977], [4.66628, 51.83426], [4.68001, 51.82901], [4.69594, 51.82458], [4.71067, 51.82403], [4.72536, 51.82647], [4.74153, 51.83063], [4.75566, 51.83589], [4.77064, 51.83967], [4.78653, 51.84277], [4.80235, 51.84524], [4.81811, 51.84721], [4.83382, 51.84878], [4.8495, 51.85009], [4.86517, 51.85124], [4.88084, 51.85236], [4.89652, 51.85357], [4.91224, 51.85497], [4.928, 51.8567], [4.94382, 51.85887], [4.95971, 51.8616], [4.97569, 51.865], [4.99178, 51.8692], [5.00637, 51.87333], [5.02115, 51.8774], [5.03605, 51.88143], [5.05102, 51.88546], [5.06598, 51.88951], [5.08088, 51.8936], [5.09564, 51.89776], [5.1102, 51.90201], [5.12339, 51.90608], [5.1378, 51.91134], [5.1529, 51.9184], [5.16258, 51.92606], [5.16146, 51.93367], [5.1524, 51.94102], [5.1386, 51.94732], [5.12237, 51.95223], [5.10598, 51.95541], [5.09173, 51.95651], [5.33609, 52.09297]]], [[[4.09325, 51.98621], [4.09815, 51.98346], [4.10244, 51.9804], [4.10218, 51.97727], [4.09531, 51.97896], [4.09068, 51.98104], [4.08877, 51.98406], [4.09008, 51.98858], [4.09325, 51.98621]]]]}}, {"type": "Feature", "properties": {"slug": "brabantse-maasstreek", "name": "Brabantse Maasstreek"}, "geometry": {"type": "Polygon", "coordinates": [[[6.03001, 51.72641], [6.03858, 51.71734], [6.04589, 51.70859], [6.05237, 51.69998], [6.05846, 51.69136], [6.0646, 51.68254], [6.07122, 51.67336], [6.07831, 51.6647], [6.08613, 51.65618], [6.09383, 51.64753], [6.10048, 51.63855], [6.10515, 51.62904], [6.10513, 51.61948], [6.11582, 51.61321], [6.1197, 51.60438], [6.12254, 51.59476], [6.12456, 51.58465], [6.126, 51.57433], [6.12709, 51.56412], [6.12806, 51.55428], [6.12915, 51.54512], [6.13096, 51.53546], [6.13305, 51.52578], [6.13448, 51.51606], [6.1343, 51.50626], [6.12421, 51.51313], [6.11572, 51.52156], [6.10788, 51.53015], [6.09925, 51.53825], [6.08905, 51.54585], [6.0782, 51.55315], [6.06747, 51.56053], [6.05727, 51.56861], [6.04799, 51.57718], [6.03983, 51.58581], [6.03251, 51.59447], [6.0258, 51.60312], [6.01943, 51.61172], [6.01314, 51.62023], [6.00668, 51.62862], [5.9998, 51.63684], [5.99223, 51.64486], [5.98371, 51.65264], [5.974, 51.66014], [5.96283, 51.66732], [5.94995, 51.67415], [5.9351, 51.68058], [5.92028, 51.68571], [5.90508, 51.6898], [5.88959, 51.69386], [5.87572, 51.69835], [5.86301, 51.70427], [5.85083, 51.71091], [5.83823, 51.71722], [5.82426, 51.72214], [5.80864, 51.7248], [5.79216, 51.72609], [5.77562, 51.727], [5.7601, 51.72835], [5.7446, 51.73138], [5.72875, 51.73388], [5.71266, 51.73553], [5.69655, 51.7371], [5.68043, 51.73859], [5.66429, 51.74], [5.64813, 51.74133], [5.63196, 51.74259], [5.61577, 51.74376], [5.59957, 51.74486], [5.58336, 51.74587], [5.56713, 51.74681], [5.5509, 51.74767], [5.53465, 51.74845], [5.51874, 51.74914], [5.50337, 51.75], [5.48645, 51.75108], [5.46895, 51.75205], [5.4518, 51.75258], [5.43596, 51.75237], [5.42247, 51.75078], [5.40762, 51.74594], [5.39245, 51.74119], [5.37692, 51.73833], [5.36101, 51.73616], [5.34492, 51.73468], [5.3287, 51.7339], [5.31243, 51.73382], [5.29617, 51.73444], [5.28002, 51.73579], [5.26573, 51.73939], [5.2531, 51.74524], [5.24134, 51.75234], [5.22969, 51.75972], [5.21737, 51.76639], [5.20361, 51.77136], [5.18708, 51.77397], [5.17069, 51.77471], [5.15533, 51.774], [5.14003, 51.77236], [5.12381, 51.77026], [5.10742, 51.76785], [5.09263, 51.76449], [5.07826, 51.76047], [5.06312, 51.75619], [5.04842, 51.75163], [5.03362, 51.74753], [5.01734, 51.7458], [5.0015, 51.74635], [4.98548, 51.748], [4.98332, 51.7529], [4.99648, 51.76253], [5.00535, 51.76978], [5.01311, 51.7783], [5.02145, 51.7867], [5.03157, 51.79375], [5.04399, 51.79856], [5.06032, 51.80313], [5.07754, 51.80709], [5.09263, 51.81004], [5.10366, 51.81174], [5.12033, 51.81383], [5.14071, 51.81611], [5.16104, 51.8181], [5.17761, 51.8193], [5.18756, 51.81911], [5.20172, 51.81596], [5.21757, 51.81159], [5.23353, 51.80778], [5.2489, 51.80594], [5.26494, 51.80506], [5.28127, 51.80479], [5.29777, 51.80501], [5.31436, 51.80562], [5.33093, 51.80652], [5.34738, 51.80758], [5.3636, 51.8087], [5.37951, 51.80977], [5.39527, 51.8107], [5.41154, 51.81146], [5.42782, 51.81204], [5.44411, 51.81244], [5.46041, 51.81268], [5.47671, 51.81273], [5.49301, 51.81262], [5.50931, 51.81233], [5.5256, 51.81187], [5.54267, 51.8107], [5.5583, 51.80802], [5.57332, 51.80578], [5.58832, 51.80514], [5.6042, 51.80544], [5.62069, 51.80633], [5.63752, 51.80747], [5.65439, 51.80851], [5.67102, 51.80912], [5.68713, 51.80897], [5.70255, 51.80757], [5.71885, 51.80545], [5.73529, 51.8042], [5.75064, 51.80562], [5.767, 51.80791], [5.78323, 51.80658], [5.79915, 51.80447], [5.81492, 51.80199], [5.83051, 51.79913], [5.84493, 51.79467], [5.85843, 51.7892], [5.87137, 51.78326], [5.88369, 51.77685], [5.8942, 51.76957], [5.90367, 51.76058], [5.9146, 51.75445], [5.9313, 51.75303], [5.94738, 51.755], [5.96294, 51.75804], [5.97827, 51.75982], [5.99365, 51.75799], [6.00493, 51.75093], [6.01073, 51.74203], [6.02055, 51.73414], [6.03033, 51.72641], [6.03001, 51.72641]]]}}, {"type": "Feature", "properties": {"slug": "kalkrijke-hollandse-duinstreek", "name": "Kalkrijke Hollandse duinstreek"}, "geometry": {"type": "Polygon", "coordinates": [[[4.21091, 51.96675], [4.19993, 51.95987], [4.18392, 51.95731], [4.1677, 51.95711], [4.15368, 51.95914], [4.14073, 51.96393], [4.12662, 51.97079], [4.11343, 51.97898], [4.10328, 51.98774], [4.09826, 51.99633], [4.10114, 52.00507], [4.11222, 52.01204], [4.12614, 52.01582], [4.13938, 52.0204], [4.15192, 52.02569], [4.16445, 52.03162], [4.17695, 52.03806], [4.18936, 52.0449], [4.20165, 52.05201], [4.21379, 52.05926], [4.22572, 52.06654], [4.23742, 52.07371], [4.24884, 52.08067], [4.25994, 52.08728], [4.27133, 52.09376], [4.2835, 52.10029], [4.29571, 52.10661], [4.30784, 52.1129], [4.3198, 52.11936], [4.33149, 52.12615], [4.34282, 52.13347], [4.35405, 52.14139], [4.36506, 52.14924], [4.37578, 52.15698], [4.38624, 52.16464], [4.39644, 52.17223], [4.40638, 52.17978], [4.41609, 52.1873], [4.42555, 52.19483], [4.4348, 52.20238], [4.44383, 52.20997], [4.45265, 52.21763], [4.46127, 52.22539], [4.4697, 52.23325], [4.47796, 52.24125], [4.48604, 52.24941], [4.49395, 52.25774], [4.50171, 52.26628], [4.50933, 52.27503], [4.51681, 52.28404], [4.52416, 52.29331], [4.53139, 52.30287], [4.53833, 52.31247], [4.54457, 52.32144], [4.55065, 52.33047], [4.5566, 52.33954], [4.56243, 52.34866], [4.56814, 52.35781], [4.57375, 52.367], [4.57928, 52.37621], [4.58474, 52.38545], [4.59013, 52.3947], [4.59548, 52.40396], [4.6008, 52.41322], [4.6061, 52.42248], [4.61139, 52.43173], [4.61669, 52.44097], [4.62201, 52.45019], [4.62737, 52.45938], [4.63276, 52.46855], [4.63836, 52.47773], [4.64367, 52.48696], [4.64868, 52.49626], [4.65337, 52.50561], [4.65775, 52.51502], [4.66183, 52.52448], [4.66558, 52.53398], [4.66902, 52.54352], [4.67215, 52.5531], [4.67496, 52.56272], [4.6775, 52.57237], [4.67977, 52.58204], [4.68176, 52.59173], [4.68346, 52.60144], [4.68488, 52.61117], [4.68601, 52.62092], [4.68686, 52.63068], [4.68804, 52.64042], [4.69024, 52.65011], [4.69835, 52.65666], [4.71379, 52.65401], [4.72915, 52.65075], [4.74427, 52.64712], [4.7579, 52.64341], [4.7723, 52.63847], [4.78862, 52.63165], [4.7995, 52.62475], [4.79952, 52.61775], [4.79402, 52.6076], [4.78831, 52.59769], [4.785, 52.58866], [4.78229, 52.57901], [4.78002, 52.56912], [4.77805, 52.55909], [4.77622, 52.54901], [4.77436, 52.53898], [4.77234, 52.52908], [4.76997, 52.5194], [4.76712, 52.51005], [4.76363, 52.5011], [4.75924, 52.49227], [4.75444, 52.483], [4.74963, 52.4737], [4.7448, 52.46438], [4.73995, 52.45503], [4.73507, 52.44567], [4.73014, 52.43632], [4.72517, 52.42696], [4.72014, 52.41762], [4.71504, 52.40831], [4.70987, 52.39902], [4.70461, 52.38977], [4.69927, 52.38057], [4.69383, 52.37142], [4.68809, 52.36242], [4.68065, 52.35333], [4.67269, 52.34433], [4.666, 52.33583], [4.66092, 52.32706], [4.65611, 52.31781], [4.65144, 52.30842], [4.64672, 52.29898], [4.64177, 52.28955], [4.63639, 52.28024], [4.6304, 52.27111], [4.6236, 52.26226], [4.6158, 52.25375], [4.60681, 52.24568], [4.59675, 52.23779], [4.58656, 52.23021], [4.57631, 52.22282], [4.5661, 52.21551], [4.55599, 52.20816], [4.54608, 52.20064], [4.53644, 52.19284], [4.52717, 52.18463], [4.51833, 52.17589], [4.51025, 52.16725], [4.50202, 52.15882], [4.4935, 52.15049], [4.4847, 52.14228], [4.4756, 52.13419], [4.46622, 52.12621], [4.45656, 52.11834], [4.44662, 52.11059], [4.43644, 52.10298], [4.42815, 52.0949], [4.41951, 52.0861], [4.40869, 52.0787], [4.39581, 52.07241], [4.38285, 52.06658], [4.37145, 52.06031], [4.36185, 52.05352], [4.35224, 52.04598], [4.34254, 52.03788], [4.3327, 52.02947], [4.32265, 52.02097], [4.31234, 52.0126], [4.3017, 52.00459], [4.29068, 51.99716], [4.2792, 51.99054], [4.26721, 51.98495], [4.25297, 51.98011], [4.23947, 51.97686], [4.22674, 51.97346], [4.21099, 51.9667], [4.21091, 51.96675]]]}}, {"type": "Feature", "properties": {"slug": "brabantse-zand-en-leemstreek", "name": "Brabantse zand- en leemstreek"}, "geometry": {"type": "MultiPolygon", "coordinates": [[[[5.6243, 51.72651], [5.63299, 51.71787], [5.64058, 51.70908], [5.6472, 51.70015], [5.65293, 51.69108], [5.6579, 51.6819], [5.66221, 51.67262], [5.66595, 51.66324], [5.66925, 51.65379], [5.6722, 51.64427], [5.67492, 51.6347], [5.6775, 51.62509], [5.68006, 51.61545], [5.6827, 51.6058], [5.68553, 51.59615], [5.68866, 51.58652], [5.69218, 51.5769], [5.69621, 51.56733], [5.70096, 51.55775], [5.70696, 51.54847], [5.71374, 51.53958], [5.72065, 51.53084], [5.72704, 51.522], [5.73235, 51.51283], [5.73716, 51.50344], [5.74175, 51.49401], [5.74616, 51.48454], [5.7504, 51.47505], [5.75451, 51.46554], [5.75851, 51.45603], [5.76243, 51.44651], [5.7663, 51.43701], [5.77013, 51.42752], [5.77396, 51.41806], [5.77781, 51.40864], [5.78171, 51.39927], [5.7858, 51.38969], [5.79041, 51.37943], [5.79515, 51.36962], [5.80012, 51.36019], [5.80539, 51.35113], [5.81104, 51.34238], [5.81715, 51.33391], [5.8238, 51.32568], [5.83107, 51.31765], [5.83903, 51.30978], [5.84777, 51.30203], [5.85737, 51.29437], [5.86791, 51.28675], [5.87946, 51.27914], [5.89211, 51.2715], [5.90247, 51.26564], [5.91646, 51.25803], [5.9315, 51.25026], [5.94338, 51.24485], [5.95652, 51.24191], [5.97234, 51.23959], [5.97472, 51.23259], [5.9674, 51.22385], [5.95655, 51.21695], [5.94899, 51.20829], [5.94142, 51.19963], [5.93386, 51.19097], [5.92234, 51.18309], [5.91009, 51.18597], [5.90312, 51.1956], [5.89683, 51.2027], [5.88033, 51.20852], [5.86527, 51.20852], [5.85123, 51.20647], [5.83713, 51.20741], [5.81931, 51.20968], [5.80058, 51.21287], [5.78374, 51.2166], [5.77158, 51.22047], [5.76153, 51.22755], [5.74844, 51.23082], [5.72847, 51.23491], [5.7158, 51.2363], [5.70002, 51.23619], [5.68412, 51.23827], [5.67424, 51.24338], [5.66868, 51.2513], [5.66416, 51.2617], [5.6602, 51.27313], [5.65627, 51.28414], [5.65187, 51.29329], [5.64388, 51.30243], [5.63348, 51.30745], [5.62045, 51.31425], [5.6057, 51.31658], [5.58767, 51.31327], [5.57505, 51.30795], [5.56449, 51.30162], [5.5526, 51.29528], [5.53811, 51.2901], [5.52305, 51.2863], [5.50749, 51.28366], [5.49153, 51.28203], [5.47531, 51.28123], [5.45894, 51.28112], [5.44253, 51.28154], [5.4262, 51.28233], [5.41006, 51.28333], [5.39444, 51.2843], [5.37875, 51.28402], [5.36223, 51.28487], [5.35276, 51.28984], [5.33564, 51.28716], [5.33091, 51.29276], [5.33205, 51.30286], [5.33255, 51.31365], [5.32641, 51.32039], [5.32079, 51.3281], [5.30906, 51.33176], [5.29243, 51.33295], [5.27642, 51.33234], [5.2611, 51.32752], [5.24895, 51.3314], [5.23862, 51.33915], [5.2253, 51.34612], [5.21413, 51.35201], [5.20529, 51.35849], [5.199, 51.36722], [5.19574, 51.3777], [5.19373, 51.38754], [5.19176, 51.39863], [5.19046, 51.40835], [5.19051, 51.41646], [5.1921, 51.42606], [5.19432, 51.4365], [5.19623, 51.4472], [5.19684, 51.45759], [5.1952, 51.46711], [5.19033, 51.47519], [5.17979, 51.48378], [5.1677, 51.48582], [5.15638, 51.49255], [5.14135, 51.49615], [5.12525, 51.49736], [5.10971, 51.49509], [5.09783, 51.4897], [5.08884, 51.48223], [5.08165, 51.47338], [5.07518, 51.46387], [5.06833, 51.4544], [5.06003, 51.44567], [5.04919, 51.43841], [5.03531, 51.43361], [5.02123, 51.42928], [5.00906, 51.42108], [4.99722, 51.41296], [4.9862, 51.41568], [4.9726, 51.42106], [4.95811, 51.42484], [4.94183, 51.42537], [4.92555, 51.4259], [4.90927, 51.42643], [4.89785, 51.42865], [4.89765, 51.43983], [4.8982, 51.45009], [4.89651, 51.45968], [4.8949, 51.46841], [4.8939, 51.4786], [4.88876, 51.48949], [4.88612, 51.49646], [4.87686, 51.50526], [4.86622, 51.51244], [4.85134, 51.51521], [4.83627, 51.51302], [4.82232, 51.50763], [4.81066, 51.50064], [4.80142, 51.49239], [4.7939, 51.48486], [4.78249, 51.47783], [4.76835, 51.47315], [4.75025, 51.46876], [4.73422, 51.46447], [4.72716, 51.45971], [4.72511, 51.45007], [4.72157, 51.43965], [4.70975, 51.43349], [4.69588, 51.43499], [4.68127, 51.44098], [4.66772, 51.44856], [4.65789, 51.45507], [4.64883, 51.46245], [4.63928, 51.47102], [4.62908, 51.47983], [4.61809, 51.48796], [4.60615, 51.49448], [4.59311, 51.49844], [4.579, 51.49856], [4.56348, 51.49496], [4.54784, 51.49013], [4.53431, 51.48672], [4.5197, 51.4845], [4.50168, 51.4822], [4.48241, 51.47967], [4.46406, 51.47674], [4.44879, 51.47324], [4.43877, 51.469], [4.43448, 51.46178], [4.43482, 51.4514], [4.43716, 51.4409], [4.4385, 51.43138], [4.43944, 51.42298], [4.44966, 51.41483], [4.45531, 51.40825], [4.46213, 51.39561], [4.46631, 51.38745], [4.46339, 51.3781], [4.44927, 51.37676], [4.43179, 51.37718], [4.41971, 51.37999], [4.41413, 51.38955], [4.40681, 51.39833], [4.39972, 51.40704], [4.39318, 51.41581], [4.38747, 51.42482], [4.38288, 51.43423], [4.37635, 51.44061], [4.37199, 51.44924], [4.36738, 51.45861], [4.36165, 51.46776], [4.35494, 51.47582], [4.33993, 51.48368], [4.3334, 51.48974], [4.33436, 51.4992], [4.32812, 51.50769], [4.31931, 51.51782], [4.31331, 51.52642], [4.30911, 51.53586], [4.31443, 51.54462], [4.32076, 51.55373], [4.32621, 51.56305], [4.33175, 51.57225], [4.33833, 51.58101], [4.34692, 51.58901], [4.35848, 51.59593], [4.37383, 51.60214], [4.38929, 51.60721], [4.40458, 51.6112], [4.41975, 51.61429], [4.43487, 51.61665], [4.44998, 51.61845], [4.46514, 51.61989], [4.48041, 51.62113], [4.49584, 51.62235], [4.51149, 51.62372], [4.52742, 51.62543], [4.54367, 51.62766], [4.5602, 51.63055], [4.57553, 51.63406], [4.59035, 51.63818], [4.60482, 51.6427], [4.61909, 51.6474], [4.63334, 51.65206], [4.6478, 51.65636], [4.66364, 51.66001], [4.67855, 51.66368], [4.68824, 51.66775], [4.70032, 51.67507], [4.71376, 51.68436], [4.72592, 51.69374], [4.73416, 51.70136], [4.73726, 51.70874], [4.73967, 51.71838], [4.75382, 51.72159], [4.76917, 51.72404], [4.78436, 51.72671], [4.79997, 51.72905], [4.81592, 51.7311], [4.83214, 51.7329], [4.84854, 51.73448], [4.86506, 51.73587], [4.88161, 51.73712], [4.89813, 51.73825], [4.91453, 51.73931], [4.93073, 51.74033], [4.94667, 51.74135], [4.96256, 51.7423], [4.97921, 51.74188], [4.99586, 51.74049], [5.01208, 51.7392], [5.02742, 51.73906], [5.04183, 51.74264], [5.0569, 51.74796], [5.06851, 51.75084], [5.08343, 51.75418], [5.10079, 51.75783], [5.11927, 51.76141], [5.13753, 51.76458], [5.15423, 51.76696], [5.16805, 51.76819], [5.18349, 51.76761], [5.20094, 51.76439], [5.21467, 51.75925], [5.22598, 51.75289], [5.23612, 51.74598], [5.24637, 51.73922], [5.25801, 51.73331], [5.27171, 51.72905], [5.28613, 51.72667], [5.30215, 51.72544], [5.31918, 51.72521], [5.33665, 51.72585], [5.35395, 51.72721], [5.37052, 51.72915], [5.38576, 51.73154], [5.40004, 51.73462], [5.41469, 51.73948], [5.42895, 51.74347], [5.44456, 51.74514], [5.46111, 51.74505], [5.47788, 51.74403], [5.49413, 51.74289], [5.50997, 51.74244], [5.52645, 51.74262], [5.54281, 51.74222], [5.55843, 51.73996], [5.56836, 51.74138], [5.58409, 51.73883], [5.59983, 51.73627], [5.61557, 51.73371], [5.62405, 51.72636], [5.6243, 51.72651]]], [[[4.17942, 51.30323], [4.17522, 51.29591], [4.16513, 51.29008], [4.15034, 51.28351], [4.13306, 51.27688], [4.1155, 51.27087], [4.09985, 51.26614], [4.08833, 51.26337], [4.07237, 51.26178], [4.05629, 51.25959], [4.04392, 51.25521], [4.03013, 51.24927], [4.01535, 51.24331], [4.00037, 51.23898], [3.98372, 51.23633], [3.96729, 51.2336], [3.95524, 51.22853], [3.942, 51.22187], [3.92633, 51.22126], [3.91021, 51.22404], [3.89388, 51.22711], [3.87821, 51.22714], [3.86821, 51.22065], [3.85273, 51.22156], [3.83381, 51.22678], [3.81872, 51.23229], [3.8199, 51.23855], [3.83706, 51.24008], [3.8543, 51.23972], [3.87001, 51.24138], [3.88557, 51.2442], [3.90094, 51.24792], [3.91614, 51.2523], [3.93118, 51.2571], [3.94608, 51.26208], [3.96086, 51.26698], [3.97554, 51.27156], [3.99013, 51.27559], [4.00591, 51.27918], [4.02089, 51.28221], [4.03569, 51.28531], [4.05191, 51.28934], [4.06881, 51.29329], [4.08405, 51.29563], [4.0991, 51.29725], [4.11542, 51.29905], [4.13125, 51.30198], [4.14745, 51.30569], [4.16365, 51.30558], [4.1795, 51.30323], [4.17942, 51.30323]]], [[[3.51137, 51.29211], [3.51003, 51.28228], [3.50869, 51.27244], [3.50065, 51.26514], [3.48557, 51.26168], [3.46753, 51.26094], [3.44985, 51.26198], [3.43578, 51.26394], [3.42189, 51.26859], [3.4068, 51.27454], [3.39857, 51.27982], [3.41456, 51.28384], [3.43056, 51.2864], [3.44645, 51.28796], [3.46251, 51.28903], [3.479, 51.29008], [3.49499, 51.29214], [3.51137, 51.29211]]]]}}, {"type": "Feature", "properties": {"slug": "zeeuwse-zandgronden", "name": "Zuidwestelijke duingronden"}, "geometry": {"type": "MultiPolygon", "coordinates": [[[[3.60967, 51.60814], [3.5972, 51.60328], [3.58073, 51.59739], [3.56985, 51.59109], [3.56105, 51.58444], [3.54982, 51.5769], [3.53789, 51.57032], [3.52515, 51.56368], [3.51317, 51.55705], [3.50109, 51.54741], [3.50169, 51.54012], [3.51167, 51.53441], [3.52588, 51.52844], [3.54029, 51.51972], [3.54535, 51.5119], [3.54784, 51.50318], [3.55662, 51.49429], [3.56367, 51.48514], [3.5502, 51.4863], [3.53557, 51.49101], [3.52176, 51.4976], [3.50976, 51.50465], [3.49981, 51.51235], [3.49107, 51.51999], [3.47669, 51.52413], [3.46498, 51.53224], [3.46297, 51.54113], [3.46835, 51.5499], [3.47814, 51.5587], [3.49013, 51.56625], [3.50265, 51.57174], [3.51562, 51.57653], [3.529, 51.58199], [3.54156, 51.58875], [3.55285, 51.59604], [3.56424, 51.60285], [3.57679, 51.60795], [3.59157, 51.61013], [3.60967, 51.60819], [3.60967, 51.60814]]], [[[4.13418, 51.93915], [4.12686, 51.93024], [4.12199, 51.92008], [4.12093, 51.91046], [4.1177, 51.90294], [4.11157, 51.89122], [4.10432, 51.87882], [4.0981, 51.87047], [4.08563, 51.8712], [4.07273, 51.87692], [4.0628, 51.88481], [4.05338, 51.89341], [4.05697, 51.90308], [4.05972, 51.91324], [4.06495, 51.92264], [4.07577, 51.93037], [4.08731, 51.9377], [4.10091, 51.94256], [4.1182, 51.94214], [4.13418, 51.9392], [4.13418, 51.93915]]], [[[4.05077, 51.98841], [4.06674, 51.98623], [4.07689, 51.97875], [4.08901, 51.9744], [4.09056, 51.9643], [4.08373, 51.95447], [4.07139, 51.94938], [4.05473, 51.94671], [4.03842, 51.94533], [4.02168, 51.94454], [4.00561, 51.94765], [3.9996, 51.95506], [4.00007, 51.96569], [4.00696, 51.97333], [4.0207, 51.98055], [4.0368, 51.98602], [4.05077, 51.98845], [4.05077, 51.98841]]], [[[3.39038, 51.35858], [3.37985, 51.36251], [3.38117, 51.37428], [3.38668, 51.38362], [3.39741, 51.39089], [3.41168, 51.3964], [3.42699, 51.40104], [3.44283, 51.40468], [3.45914, 51.40764], [3.47571, 51.41015], [3.49229, 51.41247], [3.49873, 51.41101], [3.4852, 51.40202], [3.47072, 51.39395], [3.45896, 51.38827], [3.44534, 51.38215], [3.43143, 51.37629], [3.41723, 51.37068], [3.40275, 51.36533], [3.39046, 51.35858], [3.39038, 51.35858]]], [[[4.04467, 51.85453], [4.02812, 51.85286], [4.01493, 51.84681], [4.002, 51.84134], [3.98697, 51.83683], [3.97117, 51.83262], [3.95561, 51.82848], [3.94131, 51.82415], [3.92818, 51.81802], [3.92261, 51.8095], [3.90784, 51.80855], [3.88965, 51.80945], [3.87322, 51.81263], [3.86349, 51.8195], [3.86422, 51.83003], [3.87492, 51.83583], [3.89073, 51.83902], [3.90642, 51.8424], [3.92003, 51.84699], [3.93382, 51.85249], [3.94793, 51.85827], [3.9625, 51.86369], [3.97766, 51.86808], [3.9939, 51.87089], [4.0111, 51.87166], [4.0268, 51.86968], [4.03875, 51.86421], [4.04467, 51.85453]]], [[[3.83498, 51.76587], [3.85169, 51.76523], [3.86467, 51.76007], [3.85475, 51.75193], [3.84476, 51.74394], [3.83289, 51.73731], [3.81949, 51.73128], [3.80583, 51.72526], [3.79317, 51.71867], [3.78297, 51.71105], [3.7752, 51.70097], [3.76847, 51.69203], [3.75519, 51.68786], [3.74445, 51.68087], [3.73095, 51.6748], [3.71476, 51.67388], [3.69643, 51.67659], [3.68559, 51.68283], [3.68811, 51.69298], [3.68768, 51.70386], [3.6881, 51.71272], [3.69131, 51.72058], [3.69929, 51.72848], [3.71402, 51.73744], [3.72983, 51.74339], [3.74355, 51.74569], [3.75894, 51.74891], [3.77162, 51.75472], [3.78593, 51.76057], [3.802, 51.76334], [3.8184, 51.76512], [3.83506, 51.76591], [3.83498, 51.76587]]]]}}, {"type": "Feature", "properties": {"slug": "wadden-en-noordelijke-duinstreek", "name": "Wadden en noordelijke duinstreek"}, "geometry": {"type": "MultiPolygon", "coordinates": [[[[4.77862, 52.80955], [4.76444, 52.80459], [4.74995, 52.79995], [4.73516, 52.79568], [4.72421, 52.79371], [4.72624, 52.79997], [4.73177, 52.81004], [4.73922, 52.82208], [4.74699, 52.83424], [4.75348, 52.84467], [4.75711, 52.85151], [4.75994, 52.86096], [4.76182, 52.87068], [4.76304, 52.88054], [4.76394, 52.89046], [4.76486, 52.90039], [4.76613, 52.91026], [4.76808, 52.92002], [4.77178, 52.92892], [4.77783, 52.93806], [4.7827, 52.94965], [4.78757, 52.95938], [4.79737, 52.96395], [4.81313, 52.96672], [4.82935, 52.96694], [4.84644, 52.96501], [4.85941, 52.9598], [4.86461, 52.95131], [4.86766, 52.94152], [4.87238, 52.93174], [4.87124, 52.92262], [4.86494, 52.91349], [4.85834, 52.90439], [4.85198, 52.89531], [4.84621, 52.88591], [4.84099, 52.87609], [4.83626, 52.86657], [4.83155, 52.85737], [4.82642, 52.84849], [4.82041, 52.83996], [4.81307, 52.83179], [4.80395, 52.82399], [4.79259, 52.81659], [4.77854, 52.8096], [4.77862, 52.80955]]], [[[4.71817, 52.74722], [4.73207, 52.74205], [4.74503, 52.73611], [4.75695, 52.72942], [4.76759, 52.72182], [4.77588, 52.71374], [4.78623, 52.70665], [4.79879, 52.69807], [4.80945, 52.69005], [4.81484, 52.68367], [4.81751, 52.67465], [4.81841, 52.66361], [4.81778, 52.65217], [4.81587, 52.64198], [4.81199, 52.63341], [4.80052, 52.63319], [4.78817, 52.64036], [4.77351, 52.64553], [4.7584, 52.64942], [4.74311, 52.65262], [4.72792, 52.6557], [4.71311, 52.65927], [4.69949, 52.66457], [4.6931, 52.67], [4.69235, 52.68042], [4.6925, 52.69336], [4.69325, 52.7038], [4.6956, 52.71162], [4.7005, 52.72102], [4.7059, 52.73042], [4.71011, 52.7398], [4.71295, 52.74942], [4.71505, 52.75916], [4.71687, 52.76893], [4.71883, 52.77866], [4.72025, 52.77629], [4.72112, 52.7665], [4.72093, 52.75676], [4.71817, 52.74722]]], [[[5.53504, 53.44937], [5.52374, 53.44253], [5.50925, 53.4377], [5.49484, 53.43096], [5.48234, 53.42416], [5.47179, 53.4184], [5.46121, 53.41328], [5.44864, 53.40839], [5.4321, 53.4033], [5.41439, 53.39894], [5.39838, 53.39608], [5.38279, 53.3935], [5.36824, 53.39028], [5.35398, 53.38476], [5.33968, 53.37872], [5.32615, 53.37499], [5.31009, 53.37341], [5.29298, 53.37198], [5.27875, 53.36897], [5.26774, 53.3631], [5.2568, 53.35558], [5.24418, 53.34829], [5.22838, 53.34339], [5.21214, 53.34183], [5.19577, 53.34077], [5.1837, 53.34438], [5.18637, 53.35412], [5.19507, 53.36095], [5.20695, 53.3682], [5.21881, 53.37655], [5.23041, 53.38465], [5.24155, 53.39115], [5.25313, 53.39522], [5.26807, 53.39808], [5.28507, 53.40021], [5.30266, 53.40207], [5.31938, 53.40411], [5.3342, 53.40683], [5.34931, 53.41018], [5.36457, 53.4137], [5.37993, 53.41734], [5.39537, 53.42106], [5.41083, 53.4248], [5.42628, 53.42851], [5.44167, 53.43213], [5.45698, 53.43562], [5.47213, 53.43943], [5.48697, 53.44346], [5.50204, 53.44697], [5.51785, 53.44919], [5.53496, 53.44937], [5.53504, 53.44937]]], [[[4.81361, 53.01727], [4.79866, 53.01303], [4.79033, 53.01638], [4.78927, 53.02617], [4.79034, 53.03568], [4.792, 53.0455], [4.79315, 53.05636], [4.79434, 53.06579], [4.79637, 53.07442], [4.80003, 53.08356], [4.80597, 53.09424], [4.81252, 53.1034], [4.82017, 53.11216], [4.82851, 53.12066], [4.83714, 53.12908], [4.84565, 53.13757], [4.85364, 53.14631], [4.86122, 53.15097], [4.8677, 53.16012], [4.87716, 53.168], [4.88985, 53.17392], [4.90562, 53.17685], [4.91185, 53.16722], [4.92425, 53.16263], [4.93698, 53.15644], [4.94314, 53.14794], [4.94439, 53.13801], [4.9417, 53.12751], [4.93605, 53.11731], [4.9284, 53.10827], [4.9196, 53.10116], [4.90703, 53.09509], [4.89194, 53.08963], [4.877, 53.08414], [4.86492, 53.078], [4.85796, 53.06989], [4.85092, 53.06097], [4.84113, 53.05292], [4.83123, 53.0446], [4.82337, 53.036], [4.81927, 53.02608], [4.81378, 53.01731], [4.81361, 53.01727]]], [[[5.94791, 53.47473], [5.93139, 53.47343], [5.91557, 53.47075], [5.89999, 53.46749], [5.8842, 53.46451], [5.86803, 53.46258], [5.8516, 53.4615], [5.83508, 53.46034], [5.8189, 53.45814], [5.80297, 53.45412], [5.78804, 53.45163], [5.77219, 53.45098], [5.75522, 53.4507], [5.73803, 53.45035], [5.72151, 53.44948], [5.70661, 53.44665], [5.69058, 53.44118], [5.67584, 53.43698], [5.66186, 53.43698], [5.64367, 53.44011], [5.63028, 53.44605], [5.63489, 53.45324], [5.64735, 53.45977], [5.65982, 53.46631], [5.67465, 53.46956], [5.69132, 53.46893], [5.70783, 53.46788], [5.72389, 53.4681], [5.74054, 53.46971], [5.75755, 53.47206], [5.77434, 53.47453], [5.79036, 53.47651], [5.80538, 53.47741], [5.822, 53.47788], [5.83857, 53.4785], [5.8551, 53.47918], [5.8716, 53.47986], [5.88807, 53.48049], [5.90446, 53.48098], [5.92111, 53.48104], [5.94029, 53.48022], [5.94807, 53.47483], [5.94791, 53.47473]]], [[[6.21643, 53.49258], [6.20082, 53.48905], [6.18438, 53.48824], [6.16845, 53.48734], [6.15394, 53.48336], [6.14087, 53.47859], [6.12604, 53.47849], [6.11646, 53.4868], [6.11493, 53.49696], [6.1204, 53.50529], [6.13559, 53.50949], [6.15115, 53.51263], [6.1669, 53.51539], [6.18282, 53.51775], [6.19929, 53.51972], [6.21575, 53.52114], [6.232, 53.52215], [6.24815, 53.52292], [6.2643, 53.52362], [6.28056, 53.52442], [6.29446, 53.52569], [6.31312, 53.52864], [6.33292, 53.53055], [6.3447, 53.52797], [6.33951, 53.52231], [6.32081, 53.51924], [6.30232, 53.51756], [6.29029, 53.51511], [6.27705, 53.51088], [6.26224, 53.50619], [6.24457, 53.50211], [6.22823, 53.49824], [6.21634, 53.49253], [6.21643, 53.49258]]], [[[5.09824, 53.2996], [5.083, 53.29562], [5.07107, 53.28946], [5.05531, 53.28585], [5.04208, 53.28224], [5.02896, 53.27368], [5.02052, 53.26477], [5.01355, 53.25579], [5.0058, 53.24729], [4.99505, 53.23981], [4.9813, 53.23387], [4.96703, 53.22861], [4.95224, 53.22392], [4.93134, 53.22313], [4.92091, 53.22732], [4.9215, 53.23454], [4.93362, 53.24281], [4.95047, 53.24943], [4.96491, 53.25561], [4.97805, 53.26181], [4.99033, 53.26805], [5.00216, 53.27432], [5.01397, 53.28062], [5.02617, 53.28694], [5.03919, 53.29329], [5.05314, 53.29935], [5.06771, 53.30428], [5.08308, 53.3082], [5.09911, 53.31105], [5.10775, 53.30832], [5.09824, 53.2996]]], [[[6.41456, 53.56101], [6.42949, 53.56003], [6.44438, 53.55833], [6.45416, 53.55399], [6.45353, 53.54539], [6.44168, 53.54925], [6.42759, 53.54982], [6.41633, 53.55121], [6.41456, 53.56101]]], [[[6.53133, 53.56198], [6.53596, 53.56922], [6.54683, 53.57], [6.55854, 53.56662], [6.56569, 53.56135], [6.56288, 53.5565], [6.55183, 53.5552], [6.54082, 53.55789], [6.53133, 53.56198]]]]}}, {"type": "Feature", "properties": {"slug": "friese-meren-tot-weerribben", "name": "Friese Meren tot Weerribben"}, "geometry": {"type": "MultiPolygon", "coordinates": [[[[5.91926, 52.59618], [5.92616, 52.5871], [5.93589, 52.57941], [5.94685, 52.572], [5.95585, 52.56403], [5.96311, 52.55537], [5.97009, 52.54622], [5.97758, 52.53715], [5.98637, 52.52876], [5.99664, 52.52248], [6.01151, 52.51831], [6.0283, 52.51429], [6.04206, 52.50904], [6.05314, 52.50177], [6.04221, 52.50005], [6.02583, 52.49915], [6.00972, 52.49731], [5.99397, 52.49458], [5.97869, 52.49096], [5.96399, 52.48647], [5.95035, 52.48115], [5.93705, 52.47534], [5.92359, 52.46956], [5.90973, 52.4643], [5.89526, 52.46007], [5.87993, 52.45739], [5.86352, 52.45675], [5.85079, 52.4604], [5.8563, 52.46875], [5.86462, 52.47687], [5.87259, 52.48546], [5.88051, 52.4942], [5.88812, 52.50311], [5.89516, 52.51217], [5.90137, 52.52138], [5.90649, 52.53073], [5.91025, 52.54021], [5.9124, 52.54982], [5.91267, 52.55956], [5.9108, 52.56941], [5.90661, 52.57901], [5.90037, 52.58806], [5.89495, 52.59738], [5.8939, 52.60732], [5.90578, 52.60334], [5.9191, 52.59623], [5.91926, 52.59618]]], [[[6.07606, 53.02546], [6.0628, 53.01929], [6.05209, 53.01304], [6.04167, 53.00699], [6.02922, 53.00146], [6.01246, 52.99674], [5.99515, 52.99368], [5.97909, 52.99133], [5.96356, 52.98906], [5.94871, 52.98642], [5.93471, 52.98299], [5.92171, 52.97833], [5.90988, 52.97201], [5.89937, 52.9636], [5.89015, 52.95223], [5.88785, 52.94311], [5.8912, 52.93536], [5.89543, 52.92556], [5.89795, 52.91587], [5.90101, 52.90614], [5.90648, 52.8971], [5.91622, 52.88951], [5.93174, 52.8851], [5.94073, 52.87915], [5.95565, 52.87644], [5.97442, 52.8746], [5.99005, 52.87294], [6.00344, 52.86899], [6.01768, 52.86404], [6.03464, 52.8624], [6.05041, 52.86404], [6.06453, 52.8675], [6.07769, 52.8721], [6.09056, 52.87713], [6.10382, 52.8819], [6.11816, 52.88571], [6.13426, 52.88785], [6.15279, 52.88764], [6.17438, 52.88406], [6.18425, 52.87794], [6.18257, 52.87036], [6.17421, 52.86198], [6.16406, 52.85349], [6.15647, 52.84509], [6.15199, 52.83572], [6.15094, 52.82598], [6.15271, 52.8161], [6.15649, 52.8066], [6.16189, 52.79743], [6.16855, 52.78854], [6.17608, 52.77988], [6.1841, 52.77137], [6.19225, 52.76297], [6.19997, 52.75428], [6.20618, 52.7452], [6.21077, 52.73585], [6.21374, 52.72631], [6.21509, 52.71666], [6.2148, 52.70697], [6.21289, 52.69732], [6.20932, 52.68778], [6.20411, 52.67844], [6.19758, 52.66965], [6.19033, 52.6611], [6.18256, 52.65249], [6.17453, 52.64385], [6.16651, 52.63515], [6.15879, 52.62642], [6.15188, 52.61793], [6.14512, 52.60771], [6.13884, 52.59931], [6.12482, 52.59518], [6.11283, 52.58856], [6.10089, 52.58302], [6.08519, 52.58034], [6.06801, 52.58117], [6.05278, 52.58439], [6.03942, 52.58981], [6.02863, 52.59718], [6.02224, 52.60427], [6.01409, 52.61445], [6.00602, 52.6254], [6.00039, 52.63437], [5.99982, 52.64302], [6.01088, 52.64725], [6.02797, 52.64938], [6.0426, 52.65406], [6.05395, 52.6609], [6.0607, 52.66936], [6.06152, 52.67891], [6.05635, 52.68865], [6.05166, 52.69819], [6.04809, 52.70788], [6.04518, 52.71761], [6.04243, 52.7273], [6.03936, 52.73684], [6.03551, 52.74613], [6.03038, 52.75509], [6.02376, 52.76366], [6.01581, 52.77197], [6.00667, 52.78], [5.99649, 52.78773], [5.98541, 52.79514], [5.97358, 52.8022], [5.96114, 52.80889], [5.94823, 52.81519], [5.93499, 52.82108], [5.92158, 52.82654], [5.90813, 52.83154], [5.89197, 52.83666], [5.87637, 52.83963], [5.86203, 52.84066], [5.84736, 52.84086], [5.83079, 52.84133], [5.81798, 52.84254], [5.80251, 52.84509], [5.78326, 52.84871], [5.76354, 52.8528], [5.74664, 52.85674], [5.73587, 52.85994], [5.72779, 52.86656], [5.71497, 52.87312], [5.69937, 52.87584], [5.69878, 52.8837], [5.70316, 52.89337], [5.70684, 52.903], [5.70782, 52.9124], [5.70408, 52.92137], [5.69376, 52.92947], [5.68018, 52.93489], [5.66535, 52.93886], [5.64959, 52.94132], [5.64003, 52.94096], [5.62507, 52.93819], [5.60565, 52.93408], [5.58538, 52.92954], [5.56786, 52.92544], [5.55671, 52.92267], [5.54294, 52.9182], [5.52888, 52.91325], [5.51513, 52.908], [5.50169, 52.90246], [5.49097, 52.90267], [5.48693, 52.91235], [5.48673, 52.92073], [5.49118, 52.92925], [5.50067, 52.93897], [5.51111, 52.9471], [5.52126, 52.95403], [5.5304, 52.96056], [5.53778, 52.96749], [5.54266, 52.97561], [5.54431, 52.98573], [5.54198, 52.99865], [5.53856, 53.00737], [5.53389, 53.01692], [5.52865, 53.02682], [5.52351, 53.03659], [5.51915, 53.04572], [5.51742, 53.0533], [5.517, 53.06502], [5.51788, 53.07731], [5.52031, 53.08584], [5.53234, 53.08624], [5.54496, 53.08083], [5.5573, 53.07414], [5.56988, 53.06702], [5.58263, 53.06049], [5.59548, 53.0556], [5.61215, 53.05311], [5.62738, 53.05408], [5.64267, 53.05569], [5.65958, 53.05509], [5.674, 53.05037], [5.6885, 53.04647], [5.70454, 53.04481], [5.72081, 53.04467], [5.73293, 53.04682], [5.7514, 53.05363], [5.76335, 53.05844], [5.77121, 53.06806], [5.7708, 53.07691], [5.77051, 53.0862], [5.77505, 53.09471], [5.78387, 53.10322], [5.79587, 53.11099], [5.80996, 53.11725], [5.82503, 53.12126], [5.83998, 53.12224], [5.85506, 53.11935], [5.87002, 53.11549], [5.88458, 53.11107], [5.89594, 53.10501], [5.90692, 53.09622], [5.91716, 53.0907], [5.93209, 53.08582], [5.94915, 53.0823], [5.96528, 53.08124], [5.97947, 53.08392], [5.99183, 53.09002], [6.00142, 53.09817], [6.00852, 53.10728], [6.01346, 53.11633], [6.01736, 53.1261], [6.0203, 53.13601], [6.02253, 53.14599], [6.0243, 53.15596], [6.02586, 53.16584], [6.02744, 53.17557], [6.0293, 53.18506], [6.03169, 53.19424], [6.03476, 53.20285], [6.03868, 53.21104], [6.04385, 53.22001], [6.05013, 53.22947], [6.05738, 53.23917], [6.06547, 53.24884], [6.07427, 53.2582], [6.08363, 53.26698], [6.09343, 53.27491], [6.10353, 53.28174], [6.11371, 53.28714], [6.12638, 53.29082], [6.14397, 53.29387], [6.16249, 53.29596], [6.17792, 53.29677], [6.19244, 53.29442], [6.18862, 53.28754], [6.17514, 53.2793], [6.16411, 53.27174], [6.15458, 53.2632], [6.14681, 53.25454], [6.14069, 53.24574], [6.13614, 53.2368], [6.13305, 53.22768], [6.13134, 53.21839], [6.13091, 53.20889], [6.13167, 53.19917], [6.13352, 53.18922], [6.13637, 53.17902], [6.14035, 53.16956], [6.14628, 53.16055], [6.15353, 53.15169], [6.16139, 53.14291], [6.16909, 53.13411], [6.17593, 53.12521], [6.18115, 53.11613], [6.18426, 53.1068], [6.1856, 53.09709], [6.18511, 53.0872], [6.18266, 53.0774], [6.17814, 53.06794], [6.17143, 53.05906], [6.16242, 53.05103], [6.15116, 53.04419], [6.13782, 53.03943], [6.12211, 53.03583], [6.10555, 53.03273], [6.08969, 53.02948], [6.07606, 53.02541], [6.07606, 53.02546]]], [[[6.9573, 53.19045], [6.94631, 53.18899], [6.92623, 53.18766], [6.90591, 53.18651], [6.89214, 53.1853], [6.87611, 53.182], [6.86041, 53.18023], [6.84443, 53.18205], [6.82805, 53.18504], [6.81183, 53.18682], [6.79525, 53.18662], [6.7794, 53.18478], [6.76402, 53.18181], [6.74884, 53.1782], [6.73359, 53.17445], [6.71799, 53.17106], [6.70178, 53.16856], [6.68596, 53.17077], [6.67164, 53.17541], [6.65892, 53.18186], [6.64788, 53.18953], [6.63862, 53.19783], [6.63157, 53.20585], [6.62953, 53.21509], [6.65117, 53.21051], [6.66502, 53.20925], [6.67584, 53.21063], [6.68895, 53.21378], [6.70806, 53.2176], [6.72388, 53.22031], [6.73973, 53.22297], [6.75559, 53.22564], [6.77144, 53.22837], [6.78726, 53.23122], [6.80303, 53.23424], [6.81896, 53.23761], [6.83425, 53.24122], [6.8491, 53.24472], [6.86401, 53.24775], [6.87948, 53.24995], [6.89602, 53.25099], [6.91387, 53.25053], [6.92934, 53.24781], [6.94322, 53.24258], [6.95494, 53.23541], [6.9639, 53.22684], [6.96954, 53.21745], [6.97126, 53.20779], [6.9663, 53.19872], [6.95738, 53.1904], [6.9573, 53.19045]]], [[[6.50846, 53.23859], [6.5077, 53.22841], [6.50709, 53.21869], [6.5051, 53.20914], [6.50022, 53.19947], [6.48643, 53.1951], [6.47197, 53.19483], [6.46016, 53.19658], [6.44518, 53.19962], [6.42801, 53.20366], [6.40963, 53.20842], [6.39104, 53.2136], [6.37322, 53.21892], [6.35715, 53.22409], [6.34381, 53.22882], [6.3342, 53.23283], [6.32244, 53.23924], [6.31142, 53.2465], [6.30124, 53.25423], [6.29153, 53.26224], [6.28191, 53.27036], [6.27202, 53.27843], [6.26148, 53.28627], [6.24989, 53.29327], [6.26058, 53.29768], [6.27721, 53.29877], [6.29349, 53.29844], [6.3092, 53.29638], [6.3241, 53.2923], [6.33727, 53.28633], [6.34825, 53.27989], [6.36009, 53.27243], [6.37261, 53.26458], [6.3856, 53.25697], [6.39884, 53.25021], [6.41214, 53.24494], [6.42574, 53.24167], [6.44194, 53.23971], [6.45852, 53.2388], [6.47525, 53.23856], [6.49194, 53.23862], [6.50838, 53.23859], [6.50846, 53.23859]]]]}}, {"type": "Feature", "properties": {"slug": "hollands-en-utrechts-laagveengebied", "name": "Hollands en Utrechts laagveengebied"}, "geometry": {"type": "MultiPolygon", "coordinates": [[[[5.029, 52.40237], [5.03784, 52.39454], [5.04716, 52.38745], [5.06283, 52.38253], [5.07275, 52.37591], [5.08317, 52.37062], [5.10231, 52.36931], [5.11835, 52.36868], [5.13362, 52.36732], [5.14812, 52.36424], [5.16184, 52.35848], [5.16985, 52.35034], [5.18345, 52.34451], [5.187, 52.34185], [5.17505, 52.33453], [5.16262, 52.32769], [5.15091, 52.32108], [5.14125, 52.31396], [5.13733, 52.30463], [5.14164, 52.2958], [5.14795, 52.28672], [5.14983, 52.27626], [5.14377, 52.26781], [5.14403, 52.25967], [5.14985, 52.24992], [5.15685, 52.23973], [5.16089, 52.23073], [5.15767, 52.22102], [5.15616, 52.2124], [5.15986, 52.20369], [5.16729, 52.1949], [5.17731, 52.18625], [5.1888, 52.17797], [5.20065, 52.17029], [5.21174, 52.16342], [5.22196, 52.16219], [5.22785, 52.15401], [5.23958, 52.14726], [5.25182, 52.14082], [5.26382, 52.13543], [5.27925, 52.1281], [5.28157, 52.12078], [5.26983, 52.1174], [5.25353, 52.1146], [5.23457, 52.11207], [5.21599, 52.11013], [5.20084, 52.10907], [5.18651, 52.10913], [5.17067, 52.11003], [5.15524, 52.1114], [5.13983, 52.11283], [5.12408, 52.11395], [5.10761, 52.11435], [5.09006, 52.11367], [5.07556, 52.11199], [5.05674, 52.10844], [5.03998, 52.10332], [5.03473, 52.09724], [5.04068, 52.09271], [5.05256, 52.08757], [5.06838, 52.08202], [5.08615, 52.07626], [5.10389, 52.07051], [5.11959, 52.06497], [5.13127, 52.05984], [5.14347, 52.05093], [5.15098, 52.04124], [5.15151, 52.03295], [5.1462, 52.02598], [5.13621, 52.02023], [5.12269, 52.01561], [5.10681, 52.01203], [5.08971, 52.00941], [5.07255, 52.00765], [5.05649, 52.00666], [5.04061, 52.00617], [5.0244, 52.00567], [5.00828, 52.00511], [4.99211, 52.00444], [4.97576, 52.00364], [4.95899, 52.0028], [4.94262, 52.0022], [4.92672, 52.00147], [4.91121, 52.00022], [4.89597, 51.99804], [4.88091, 51.99454], [4.86591, 51.9893], [4.85187, 51.98286], [4.84025, 51.97669], [4.82972, 51.97077], [4.81891, 51.96511], [4.80648, 51.95969], [4.79107, 51.9545], [4.77384, 51.95007], [4.75875, 51.94677], [4.74299, 51.94381], [4.72681, 51.94132], [4.71048, 51.93945], [4.69423, 51.93833], [4.67831, 51.93812], [4.6751, 51.94517], [4.67213, 51.95452], [4.67376, 51.96234], [4.6806, 51.97069], [4.68978, 51.97964], [4.69846, 51.98897], [4.70381, 51.99846], [4.70301, 52.00788], [4.69386, 52.01772], [4.68612, 52.02677], [4.68133, 52.03476], [4.67714, 52.04298], [4.6712, 52.05272], [4.66403, 52.06066], [4.65369, 52.06838], [4.64089, 52.07555], [4.62652, 52.08156], [4.61147, 52.08582], [4.5966, 52.08773], [4.58158, 52.08701], [4.56593, 52.08462], [4.55014, 52.08124], [4.53439, 52.07747], [4.51891, 52.0739], [4.50388, 52.07114], [4.48783, 52.0697], [4.47141, 52.0692], [4.45535, 52.06815], [4.44017, 52.06506], [4.42911, 52.06072], [4.41629, 52.05437], [4.40295, 52.04663], [4.3903, 52.03814], [4.37958, 52.02952], [4.37201, 52.02141], [4.36879, 52.01357], [4.37155, 52.00412], [4.36895, 51.99528], [4.36523, 51.98536], [4.36478, 51.97556], [4.36526, 51.96601], [4.36593, 51.95634], [4.36635, 51.94644], [4.36638, 51.93669], [4.36797, 51.92573], [4.35881, 51.92017], [4.34272, 51.91943], [4.3264, 51.92107], [4.31153, 51.92388], [4.29762, 51.9274], [4.28178, 51.93196], [4.26584, 51.93681], [4.25163, 51.94119], [4.23796, 51.94558], [4.22398, 51.95059], [4.21044, 51.956], [4.21902, 51.96448], [4.23188, 51.96977], [4.24662, 51.97341], [4.26164, 51.97713], [4.27299, 51.98137], [4.28465, 51.98716], [4.29746, 51.99438], [4.3106, 52.0024], [4.32325, 52.01054], [4.33459, 52.01817], [4.34381, 52.02462], [4.35325, 52.03232], [4.3619, 52.04093], [4.37042, 52.04928], [4.37996, 52.0565], [4.39172, 52.06266], [4.40458, 52.0686], [4.41715, 52.0753], [4.42793, 52.08283], [4.43823, 52.09039], [4.44835, 52.09804], [4.45829, 52.10578], [4.46804, 52.1136], [4.4776, 52.1215], [4.48698, 52.12948], [4.49616, 52.13754], [4.50483, 52.14582], [4.5114, 52.15482], [4.51735, 52.16392], [4.52451, 52.17259], [4.53286, 52.18099], [4.54196, 52.1891], [4.55165, 52.19697], [4.56176, 52.20468], [4.57213, 52.21226], [4.5826, 52.21978], [4.59298, 52.22729], [4.60313, 52.23484], [4.61294, 52.24257], [4.62209, 52.25082], [4.6301, 52.25934], [4.63718, 52.2681], [4.64351, 52.27705], [4.64928, 52.28613], [4.65467, 52.29531], [4.65989, 52.30454], [4.6651, 52.31377], [4.67051, 52.32296], [4.6764, 52.33195], [4.68458, 52.34045], [4.69156, 52.34928], [4.69661, 52.35855], [4.70169, 52.36782], [4.70678, 52.37708], [4.71188, 52.38635], [4.717, 52.39561], [4.72211, 52.40488], [4.72722, 52.41415], [4.73233, 52.42343], [4.73741, 52.43271], [4.74248, 52.44199], [4.74752, 52.45128], [4.75253, 52.46057], [4.7575, 52.46988], [4.76243, 52.47919], [4.76731, 52.48851], [4.77215, 52.49787], [4.77608, 52.50752], [4.77864, 52.51717], [4.78031, 52.52682], [4.78157, 52.53647], [4.78288, 52.54611], [4.78471, 52.55574], [4.78755, 52.56535], [4.79567, 52.57084], [4.81183, 52.56957], [4.82801, 52.56988], [4.8439, 52.57176], [4.85917, 52.57517], [4.87242, 52.58007], [4.88646, 52.58662], [4.89994, 52.59125], [4.91622, 52.59163], [4.93166, 52.59192], [4.94755, 52.59615], [4.96375, 52.60244], [4.97839, 52.6085], [4.98958, 52.61203], [5.00268, 52.61211], [5.01821, 52.61023], [5.03458, 52.60721], [5.05122, 52.60387], [5.06759, 52.60105], [5.08312, 52.5996], [5.09141, 52.5925], [5.09578, 52.58319], [5.10175, 52.57418], [5.10768, 52.5651], [5.11311, 52.55585], [5.11706, 52.54777], [5.12149, 52.53755], [5.12598, 52.52559], [5.12856, 52.51531], [5.12572, 52.50876], [5.1166, 52.50173], [5.11562, 52.49366], [5.11724, 52.48318], [5.12024, 52.47174], [5.12342, 52.4608], [5.12558, 52.45183], [5.12632, 52.44254], [5.12575, 52.4327], [5.12277, 52.42336], [5.11629, 52.41476], [5.10494, 52.40702], [5.08948, 52.40322], [5.07357, 52.40398], [5.05773, 52.40615], [5.04243, 52.40657], [5.0366, 52.58727], [5.02377, 52.59328], [5.00941, 52.59778], [4.99389, 52.60065], [4.97822, 52.60012], [4.96447, 52.59491], [4.95365, 52.58913], [4.94248, 52.58192], [4.93071, 52.57348], [4.91986, 52.56474], [4.91144, 52.55661], [4.9051, 52.54685], [4.90259, 52.53618], [4.90631, 52.52866], [4.91494, 52.52285], [4.92716, 52.51729], [4.94164, 52.51055], [4.95211, 52.50263], [4.96428, 52.49715], [4.98042, 52.49425], [4.99529, 52.49044], [5.00346, 52.48244], [5.00352, 52.47265], [5.0135, 52.46399], [5.0222, 52.45678], [5.01455, 52.45253], [5.00318, 52.44747], [5.00308, 52.43373], [5.01103, 52.42694], [5.02363, 52.42542], [5.03887, 52.42804], [5.05477, 52.43366], [5.06935, 52.44114], [5.0806, 52.44933], [5.08663, 52.45725], [5.08974, 52.46712], [5.09007, 52.47741], [5.08584, 52.48631], [5.07526, 52.492], [5.05943, 52.49492], [5.06535, 52.50375], [5.07002, 52.51076], [5.07394, 52.52107], [5.07797, 52.5334], [5.08069, 52.54406], [5.08052, 52.54991], [5.07433, 52.55716], [5.06373, 52.56675], [5.05169, 52.57651], [5.0412, 52.5843], [4.9425, 52.34981], [4.93169, 52.35722], [4.92146, 52.3624], [4.90902, 52.36519], [4.89158, 52.36541], [4.87307, 52.36322], [4.8572, 52.36106], [4.84066, 52.36178], [4.82435, 52.36346], [4.80822, 52.36554], [4.79227, 52.36744], [4.77652, 52.36856], [4.75931, 52.36856], [4.74408, 52.36721], [4.73148, 52.36301], [4.72086, 52.35474], [4.71405, 52.34698], [4.70738, 52.3383], [4.70088, 52.32896], [4.69458, 52.31925], [4.68853, 52.30945], [4.68276, 52.29982], [4.67731, 52.29065], [4.67221, 52.28222], [4.66714, 52.26961], [4.66803, 52.25958], [4.67269, 52.25121], [4.67895, 52.24357], [4.68461, 52.23571], [4.68749, 52.22671], [4.68569, 52.21653], [4.68099, 52.20754], [4.67774, 52.19874], [4.68043, 52.18893], [4.68969, 52.18016], [4.69983, 52.17253], [4.71162, 52.1654], [4.72675, 52.16393], [4.74164, 52.16453], [4.75828, 52.15966], [4.76645, 52.15188], [4.77765, 52.14436], [4.79047, 52.13808], [4.80404, 52.13433], [4.81832, 52.13429], [4.83324, 52.13915], [4.84262, 52.14779], [4.84986, 52.15654], [4.85713, 52.1653], [4.86447, 52.17406], [4.87194, 52.18276], [4.87958, 52.19139], [4.88743, 52.19989], [4.89573, 52.20767], [4.90648, 52.21546], [4.91915, 52.2224], [4.93308, 52.22751], [4.94839, 52.22961], [4.96366, 52.22681], [4.9808, 52.22664], [4.99488, 52.22979], [5.00499, 52.23691], [5.00951, 52.24864], [5.00303, 52.25632], [4.99796, 52.26432], [5.00232, 52.27252], [5.00984, 52.28067], [5.01366, 52.29098], [5.01068, 52.29914], [5.00343, 52.30701], [4.99309, 52.31557], [4.981, 52.32428], [4.96855, 52.33262], [4.95708, 52.34005], [4.9503, 52.2022], [4.93978, 52.199], [4.92842, 52.19212], [4.91715, 52.18282], [4.90691, 52.17236], [4.89865, 52.16201], [4.89329, 52.15304], [4.89194, 52.14602], [4.90072, 52.13824], [4.91618, 52.13388], [4.9315, 52.13525], [4.94863, 52.13474], [4.96129, 52.13489], [4.97375, 52.14285], [4.97959, 52.15165], [4.9815, 52.16133], [4.98038, 52.17133], [4.97714, 52.18112], [4.97258, 52.19041], [4.96597, 52.19907], [4.95121, 52.20226], [5.029, 52.40237]]], [[[5.50151, 52.28147], [5.51589, 52.28402], [5.53204, 52.28399], [5.54823, 52.28534], [5.54984, 52.28065], [5.53646, 52.27211], [5.52382, 52.26637], [5.51157, 52.26274], [5.49805, 52.2593], [5.48244, 52.25442], [5.4694, 52.24926], [5.45516, 52.24348], [5.4401, 52.23835], [5.42458, 52.23515], [5.40899, 52.23512], [5.395, 52.23923], [5.38125, 52.24483], [5.36525, 52.24767], [5.35005, 52.24457], [5.33699, 52.24024], [5.32273, 52.24218], [5.3128, 52.24976], [5.30796, 52.25841], [5.30439, 52.26902], [5.30165, 52.28034], [5.29931, 52.29114], [5.29694, 52.30021], [5.29291, 52.30907], [5.28764, 52.31837], [5.28158, 52.3275], [5.29124, 52.32791], [5.3071, 52.32534], [5.32335, 52.32251], [5.33945, 52.31931], [5.35483, 52.31562], [5.36893, 52.31133], [5.38188, 52.30611], [5.39504, 52.29992], [5.40853, 52.29356], [5.42246, 52.28786], [5.43692, 52.28365], [5.44949, 52.28192], [5.46723, 52.28154], [5.48937, 52.28133], [5.50151, 52.28152], [5.50151, 52.28147]]], [[[4.64347, 51.85126], [4.63555, 51.85962], [4.63878, 51.86902], [4.64456, 51.87561], [4.65995, 51.87816], [4.6811, 51.88122], [4.69546, 51.8832], [4.7108, 51.88502], [4.72707, 51.88676], [4.74334, 51.88897], [4.75878, 51.8922], [4.7726, 51.89697], [4.78445, 51.90284], [4.79501, 51.90938], [4.80509, 51.91631], [4.81553, 51.92334], [4.82716, 51.93018], [4.84079, 51.93655], [4.85725, 51.94216], [4.87557, 51.94663], [4.89082, 51.94896], [4.90467, 51.94976], [4.91881, 51.94966], [4.93494, 51.94926], [4.95321, 51.94914], [4.96959, 51.94901], [4.98563, 51.94877], [5.00169, 51.94848], [5.0181, 51.94819], [5.03466, 51.94811], [5.05109, 51.94842], [5.06741, 51.94873], [5.08356, 51.94863], [5.09945, 51.94771], [5.11502, 51.94553], [5.1302, 51.9417], [5.14591, 51.93524], [5.15022, 51.92856], [5.13992, 51.92048], [5.12578, 51.91448], [5.11124, 51.91045], [5.09635, 51.90716], [5.08135, 51.90349], [5.06734, 51.89937], [5.05308, 51.89497], [5.03857, 51.8904], [5.02383, 51.88577], [5.0089, 51.88119], [4.99382, 51.87677], [4.97861, 51.87263], [4.96332, 51.86888], [4.94798, 51.86562], [4.93262, 51.86298], [4.91728, 51.86106], [4.9016, 51.85978], [4.88553, 51.85883], [4.86921, 51.85805], [4.85277, 51.85727], [4.83631, 51.85633], [4.81997, 51.85507], [4.80386, 51.85334], [4.7881, 51.85097], [4.77281, 51.84781], [4.75853, 51.84379], [4.74496, 51.83874], [4.73033, 51.8336], [4.71496, 51.83027], [4.69921, 51.83066], [4.68435, 51.83517], [4.6704, 51.84023], [4.65678, 51.84558], [4.64347, 51.85121], [4.64347, 51.85126]]]]}}, {"type": "Feature", "properties": {"slug": "friese-en-groningse-zeeklei", "name": "Friese en Groningse zeeklei"}, "geometry": {"type": "Polygon", "coordinates": [[[5.44162, 52.89251], [5.44626, 52.90188], [5.4509, 52.91125], [5.45554, 52.92062], [5.46018, 52.92999], [5.46482, 52.93936], [5.46946, 52.94873], [5.47099, 52.95872], [5.47476, 52.96788], [5.4764, 52.97743], [5.4765, 52.9872], [5.47506, 52.99692], [5.47208, 53.00652], [5.46723, 53.01618], [5.46069, 53.02477], [5.45423, 53.03298], [5.44931, 53.04252], [5.44695, 53.05228], [5.44499, 53.0619], [5.44315, 53.07189], [5.44146, 53.08203], [5.43996, 53.09206], [5.43869, 53.10178], [5.43764, 53.1114], [5.43703, 53.12265], [5.43747, 53.13224], [5.43894, 53.14088], [5.44142, 53.14926], [5.4449, 53.15807], [5.44934, 53.168], [5.45182, 53.17813], [5.45489, 53.18189], [5.45945, 53.1871], [5.46171, 53.19788], [5.46632, 53.20562], [5.47582, 53.213], [5.48319, 53.22176], [5.49152, 53.23039], [5.49976, 53.23885], [5.50811, 53.24712], [5.51676, 53.25518], [5.5259, 53.26304], [5.5357, 53.27066], [5.54638, 53.27805], [5.55811, 53.28518], [5.56727, 53.29004], [5.57785, 53.29499], [5.59138, 53.30098], [5.60698, 53.30763], [5.62378, 53.31455], [5.6409, 53.32137], [5.65746, 53.32771], [5.67259, 53.3332], [5.68542, 53.33745], [5.69506, 53.3401], [5.70981, 53.34321], [5.72478, 53.34721], [5.73865, 53.35145], [5.75242, 53.35565], [5.76707, 53.35953], [5.78323, 53.36249], [5.78931, 53.36535], [5.80393, 53.36735], [5.81939, 53.3704], [5.82945, 53.37652], [5.84661, 53.37913], [5.86085, 53.38452], [5.87347, 53.38519], [5.88796, 53.38846], [5.90371, 53.39398], [5.91864, 53.39915], [5.93225, 53.40101], [5.94785, 53.40114], [5.96244, 53.40547], [5.97734, 53.40938], [5.99279, 53.4125], [6.00838, 53.41535], [6.02411, 53.41794], [6.03996, 53.42025], [6.05675, 53.42256], [6.07417, 53.42525], [6.09033, 53.42782], [6.10556, 53.43013], [6.12019, 53.43209], [6.13457, 53.43357], [6.14902, 53.43445], [6.16389, 53.43461], [6.17949, 53.43395], [6.19617, 53.43235], [6.21426, 53.42969], [6.21433, 53.42587], [6.22954, 53.42655], [6.24407, 53.42338], [6.25963, 53.4201], [6.27569, 53.41742], [6.29188, 53.4161], [6.30732, 53.4178], [6.30624, 53.42161], [6.3228, 53.42222], [6.33786, 53.42597], [6.35243, 53.43035], [6.36819, 53.43348], [6.38419, 53.43451], [6.40019, 53.43446], [6.4163, 53.43418], [6.43262, 53.43455], [6.44837, 53.4363], [6.46384, 53.43952], [6.48016, 53.44345], [6.49595, 53.44693], [6.51068, 53.44896], [6.52701, 53.45092], [6.54289, 53.45329], [6.55843, 53.456], [6.57372, 53.45897], [6.58886, 53.46213], [6.60394, 53.46541], [6.61906, 53.46874], [6.63431, 53.47204], [6.64979, 53.47524], [6.6656, 53.47826], [6.68116, 53.48084], [6.69739, 53.48265], [6.71386, 53.48446], [6.72912, 53.48717], [6.74452, 53.49065], [6.76009, 53.49272], [6.77581, 53.49111], [6.78594, 53.48619], [6.79504, 53.47719], [6.80396, 53.46614], [6.81023, 53.45642], [6.81104, 53.44878], [6.81491, 53.44408], [6.81978, 53.43643], [6.83293, 53.43116], [6.84064, 53.42823], [6.8458, 53.42205], [6.84376, 53.41302], [6.85165, 53.4045], [6.86049, 53.39627], [6.86993, 53.3883], [6.87995, 53.3806], [6.89055, 53.37318], [6.90169, 53.36605], [6.91329, 53.35933], [6.92783, 53.35559], [6.94486, 53.35277], [6.958, 53.34829], [6.96086, 53.33961], [6.97221, 53.33641], [6.98821, 53.33986], [7.00294, 53.3428], [7.01723, 53.34294], [7.03191, 53.33795], [7.04471, 53.3295], [7.05378, 53.32215], [7.06161, 53.31554], [7.07066, 53.30926], [7.08343, 53.30291], [7.1001, 53.29552], [7.11385, 53.29336], [7.11701, 53.28947], [7.13284, 53.28708], [7.14852, 53.28442], [7.16451, 53.28399], [7.17894, 53.27944], [7.19052, 53.27277], [7.19691, 53.26388], [7.19673, 53.25383], [7.19174, 53.24599], [7.19364, 53.2367], [7.19594, 53.226], [7.19487, 53.21732], [7.1922, 53.20713], [7.18912, 53.19574], [7.18679, 53.18486], [7.18635, 53.17621], [7.19343, 53.16942], [7.19633, 53.16031], [7.19917, 53.14986], [7.2038, 53.14125], [7.21036, 53.1322], [7.21758, 53.12265], [7.22408, 53.11308], [7.22849, 53.10398], [7.2298, 53.09476], [7.23, 53.08499], [7.22959, 53.07522], [7.22858, 53.06547], [7.21709, 53.07097], [7.20492, 53.07748], [7.19276, 53.08399], [7.18059, 53.0905], [7.16818, 53.09682], [7.1539, 53.10155], [7.13899, 53.10548], [7.12355, 53.10856], [7.10767, 53.11077], [7.08991, 53.11127], [7.07402, 53.11018], [7.06003, 53.10916], [7.04658, 53.10974], [7.03226, 53.11341], [7.01619, 53.12142], [7.00671, 53.12962], [7.00059, 53.13832], [6.99465, 53.14652], [6.98777, 53.15467], [6.97921, 53.16527], [6.97159, 53.17612], [6.96753, 53.18499], [6.97075, 53.19132], [6.97949, 53.19908], [6.98125, 53.20971], [6.97852, 53.21918], [6.97249, 53.2284], [6.96364, 53.23698], [6.95246, 53.24451], [6.93942, 53.2506], [6.92502, 53.25487], [6.90972, 53.25691], [6.89354, 53.25609], [6.87738, 53.25475], [6.86136, 53.25302], [6.8463, 53.24995], [6.83102, 53.24588], [6.81585, 53.2417], [6.80104, 53.23823], [6.78519, 53.23538], [6.76897, 53.23293], [6.75268, 53.23071], [6.73661, 53.22854], [6.72103, 53.22627], [6.70624, 53.22372], [6.69206, 53.21921], [6.67815, 53.21435], [6.66178, 53.21379], [6.64696, 53.21812], [6.6321, 53.22195], [6.61783, 53.22585], [6.60225, 53.22919], [6.58914, 53.235], [6.57621, 53.24096], [6.56328, 53.24692], [6.55035, 53.25288], [6.53462, 53.25368], [6.51956, 53.2503], [6.50471, 53.24596], [6.49141, 53.24468], [6.47418, 53.24448], [6.45541, 53.24515], [6.4375, 53.2465], [6.42287, 53.24831], [6.40987, 53.25146], [6.39643, 53.25691], [6.38319, 53.26392], [6.37022, 53.27186], [6.3576, 53.28007], [6.3454, 53.28789], [6.33368, 53.29467], [6.32253, 53.29976], [6.31085, 53.3027], [6.29315, 53.30431], [6.27685, 53.30398], [6.26141, 53.30243], [6.24627, 53.3004], [6.2309, 53.29863], [6.21474, 53.29786], [6.19888, 53.30001], [6.18429, 53.30273], [6.16902, 53.30196], [6.14837, 53.30059], [6.13552, 53.29918], [6.12142, 53.29559], [6.10785, 53.29018], [6.09504, 53.2834], [6.08323, 53.27566], [6.07264, 53.26738], [6.0635, 53.25901], [6.05603, 53.25097], [6.04977, 53.24252], [6.04377, 53.23343], [6.0382, 53.22425], [6.03304, 53.21498], [6.02832, 53.20562], [6.02483, 53.19612], [6.02607, 53.18622], [6.02608, 53.17779], [6.02451, 53.16964], [6.02208, 53.15981], [6.0189, 53.14891], [6.01507, 53.13755], [6.01072, 53.12634], [6.00593, 53.1159], [6.00084, 53.10685], [5.99553, 53.0998], [5.9867, 53.09356], [5.97153, 53.08733], [5.95736, 53.08825], [5.9426, 53.09201], [5.92844, 53.09733], [5.91483, 53.10346], [5.90169, 53.10963], [5.88899, 53.11507], [5.87505, 53.12002], [5.86069, 53.12465], [5.84602, 53.12891], [5.83159, 53.12929], [5.81372, 53.12631], [5.79882, 53.12195], [5.78787, 53.11553], [5.77703, 53.10823], [5.76779, 53.1001], [5.76486, 53.09057], [5.76432, 53.08108], [5.76218, 53.07146], [5.75549, 53.06302], [5.74341, 53.05629], [5.72801, 53.05129], [5.71199, 53.04885], [5.69561, 53.05006], [5.68057, 53.05467], [5.66749, 53.05897], [5.65187, 53.06067], [5.63558, 53.06075], [5.62046, 53.06017], [5.60557, 53.06073], [5.58997, 53.06378], [5.57496, 53.06978], [5.56322, 53.07657], [5.55068, 53.08399], [5.53752, 53.0901], [5.52242, 53.09307], [5.51161, 53.08887], [5.51001, 53.07895], [5.5116, 53.06789], [5.50991, 53.05899], [5.505, 53.04965], [5.50738, 53.04174], [5.51303, 53.03224], [5.52019, 53.022], [5.52711, 53.01206], [5.53205, 53.00346], [5.53584, 52.99083], [5.53564, 52.98039], [5.53178, 52.9722], [5.52502, 52.96538], [5.51609, 52.95903], [5.50573, 52.95225], [5.49468, 52.94416], [5.48412, 52.93451], [5.47795, 52.92605], [5.47626, 52.91794], [5.47873, 52.90897], [5.48499, 52.89843], [5.49212, 52.89028], [5.48743, 52.88146], [5.4868, 52.87231], [5.47249, 52.8743], [5.45691, 52.88114], [5.44474, 52.88884], [6.21431, 53.42572], [5.44162, 52.89251]]]}}, {"type": "Feature", "properties": {"slug": "ijsselmeerpolders-en-zuiderzeedijken", "name": "IJsselmeerpolders en Zuiderzeedijken"}, "geometry": {"type": "MultiPolygon", "coordinates": [[[[5.91723, 52.81701], [5.93139, 52.81164], [5.94467, 52.80787], [5.95636, 52.80276], [5.96785, 52.79654], [5.979, 52.78935], [5.98964, 52.78137], [5.99962, 52.77275], [6.00879, 52.76365], [6.01698, 52.75423], [6.02404, 52.74464], [6.02983, 52.73505], [6.03417, 52.72562], [6.03692, 52.71651], [6.03793, 52.70787], [6.03503, 52.69768], [6.02551, 52.69094], [6.01155, 52.68712], [5.99544, 52.68461], [5.97944, 52.68179], [5.96507, 52.67725], [5.95231, 52.6717], [5.93928, 52.66626], [5.92406, 52.66202], [5.90773, 52.66007], [5.89113, 52.65932], [5.87513, 52.65822], [5.85751, 52.65594], [5.84229, 52.6537], [5.82826, 52.6517], [5.81421, 52.65012], [5.79894, 52.64917], [5.78123, 52.64904], [5.76175, 52.64977], [5.74442, 52.65075], [5.72839, 52.65219], [5.71353, 52.65437], [5.69971, 52.6576], [5.6868, 52.66219], [5.67467, 52.66842], [5.6632, 52.67661], [5.65222, 52.68741], [5.64805, 52.69585], [5.64853, 52.70339], [5.65061, 52.71225], [5.65138, 52.72335], [5.65094, 52.7329], [5.6502, 52.74255], [5.64954, 52.75227], [5.64938, 52.76203], [5.65011, 52.77182], [5.65213, 52.7816], [5.65585, 52.79136], [5.66135, 52.80073], [5.66833, 52.80957], [5.67675, 52.8179], [5.68653, 52.82566], [5.69758, 52.83279], [5.70983, 52.83923], [5.72319, 52.84493], [5.74094, 52.84972], [5.75403, 52.8484], [5.7666, 52.8436], [5.78159, 52.83884], [5.79622, 52.83649], [5.8112, 52.83567], [5.82653, 52.83571], [5.84223, 52.8359], [5.85833, 52.83557], [5.87483, 52.83402], [5.89176, 52.83057], [5.90903, 52.82426], [5.91739, 52.81706], [5.91723, 52.81701]]], [[[5.64407, 52.40295], [5.63443, 52.39603], [5.62642, 52.38799], [5.61956, 52.37913], [5.61335, 52.36976], [5.60729, 52.36017], [5.60089, 52.35066], [5.59365, 52.34153], [5.58509, 52.33309], [5.57471, 52.32563], [5.56205, 52.31946], [5.54811, 52.31429], [5.53357, 52.30976], [5.51827, 52.30731], [5.50203, 52.30873], [5.48557, 52.30949], [5.47316, 52.31155], [5.45569, 52.3138], [5.4398, 52.31711], [5.42533, 52.32173], [5.41127, 52.32679], [5.39766, 52.33227], [5.38518, 52.33821], [5.37526, 52.3455], [5.36029, 52.34932], [5.3432, 52.35197], [5.32685, 52.35388], [5.32045, 52.35774], [5.30476, 52.36047], [5.2889, 52.36414], [5.27329, 52.36754], [5.25716, 52.36959], [5.24104, 52.37023], [5.22672, 52.37085], [5.2123, 52.37334], [5.19595, 52.37956], [5.18667, 52.38745], [5.18857, 52.39657], [5.19462, 52.40379], [5.20287, 52.40993], [5.21367, 52.41616], [5.22653, 52.42244], [5.24094, 52.42872], [5.2564, 52.43494], [5.27241, 52.44108], [5.28846, 52.44707], [5.30406, 52.45288], [5.31871, 52.45845], [5.33189, 52.46375], [5.34311, 52.46871], [5.35454, 52.47429], [5.36676, 52.48022], [5.37941, 52.48633], [5.39238, 52.49259], [5.40558, 52.49899], [5.41892, 52.50548], [5.43229, 52.51206], [5.44561, 52.51868], [5.45877, 52.52533], [5.47168, 52.53198], [5.48424, 52.5386], [5.49636, 52.54516], [5.50794, 52.55164], [5.51888, 52.55802], [5.52921, 52.56439], [5.5403, 52.57163], [5.55157, 52.57878], [5.56302, 52.58581], [5.57465, 52.59275], [5.58645, 52.59957], [5.59842, 52.60629], [5.61055, 52.61289], [5.62455, 52.61971], [5.63907, 52.62382], [5.65285, 52.62452], [5.66777, 52.62285], [5.68573, 52.61983], [5.70172, 52.61635], [5.71706, 52.61253], [5.73244, 52.61005], [5.74873, 52.6085], [5.76447, 52.60753], [5.77995, 52.60673], [5.79548, 52.60569], [5.81137, 52.60398], [5.82791, 52.60121], [5.84424, 52.59722], [5.85844, 52.5923], [5.87071, 52.58596], [5.87829, 52.57724], [5.88454, 52.56816], [5.88916, 52.55899], [5.88689, 52.551], [5.88145, 52.54062], [5.87462, 52.52983], [5.86819, 52.52059], [5.86297, 52.51362], [5.85612, 52.50496], [5.84774, 52.49509], [5.83834, 52.48507], [5.82844, 52.476], [5.81855, 52.46894], [5.80848, 52.46473], [5.79187, 52.4611], [5.77368, 52.45753], [5.76188, 52.45427], [5.7528, 52.44641], [5.74212, 52.43921], [5.72986, 52.43377], [5.71605, 52.42894], [5.70127, 52.42441], [5.68609, 52.41986], [5.67112, 52.41498], [5.65692, 52.40945], [5.64407, 52.40295]]]]}}, {"type": "Feature", "properties": {"slug": "zuidwestelijke-zeekleipolders", "name": "Zuidwestelijke zeekleipolders"}, "geometry": {"type": "MultiPolygon", "coordinates": [[[[4.40912, 51.37917], [4.39445, 51.38346], [4.38191, 51.39033], [4.36958, 51.39418], [4.34998, 51.39654], [4.33434, 51.39862], [4.33125, 51.4058], [4.32929, 51.41718], [4.32617, 51.42837], [4.31978, 51.43566], [4.30461, 51.43682], [4.28946, 51.43454], [4.27318, 51.43536], [4.25863, 51.43361], [4.24423, 51.43133], [4.22717, 51.43032], [4.20907, 51.43177], [4.1929, 51.43475], [4.17655, 51.4386], [4.16062, 51.44252], [4.1457, 51.44573], [4.13224, 51.44745], [4.11585, 51.44772], [4.09762, 51.44812], [4.08227, 51.45035], [4.0727, 51.45712], [4.06397, 51.46508], [4.05135, 51.472], [4.0363, 51.47803], [4.02128, 51.48015], [4.00697, 51.47604], [3.99219, 51.47343], [3.97585, 51.47163], [3.95961, 51.4727], [3.94582, 51.4706], [3.93701, 51.46232], [3.92833, 51.45339], [3.91939, 51.44453], [3.90978, 51.43644], [3.89908, 51.42983], [3.8869, 51.4254], [3.87284, 51.42385], [3.85648, 51.4259], [3.83967, 51.43156], [3.827, 51.43965], [3.81605, 51.44755], [3.80567, 51.45126], [3.78996, 51.45125], [3.77288, 51.45354], [3.76097, 51.45964], [3.75041, 51.46802], [3.74005, 51.47671], [3.72873, 51.48372], [3.71533, 51.48709], [3.70001, 51.48519], [3.68614, 51.47939], [3.67264, 51.47245], [3.65916, 51.46729], [3.64442, 51.46712], [3.63193, 51.47298], [3.63211, 51.48119], [3.64539, 51.48713], [3.65829, 51.49299], [3.67081, 51.49894], [3.68298, 51.5052], [3.69479, 51.51195], [3.70625, 51.51939], [3.71449, 51.52772], [3.72881, 51.53416], [3.74205, 51.5323], [3.75782, 51.53134], [3.77278, 51.53315], [3.78851, 51.53659], [3.80455, 51.54086], [3.82049, 51.54519], [3.83587, 51.54877], [3.85145, 51.55103], [3.86755, 51.55227], [3.88368, 51.55348], [3.89969, 51.55602], [3.91196, 51.55789], [3.93255, 51.55626], [3.94824, 51.55166], [3.95929, 51.54573], [3.97066, 51.54026], [3.98716, 51.53706], [4.00378, 51.53606], [4.01909, 51.53539], [4.03418, 51.53436], [4.05016, 51.53226], [4.06797, 51.52837], [4.08289, 51.52206], [4.09326, 51.51396], [4.10061, 51.50485], [4.10645, 51.49552], [4.11233, 51.48674], [4.11975, 51.4793], [4.13124, 51.4736], [4.14733, 51.47049], [4.16354, 51.47018], [4.17943, 51.47062], [4.1949, 51.46932], [4.21021, 51.46588], [4.22664, 51.46348], [4.24301, 51.46313], [4.25888, 51.46417], [4.27449, 51.46623], [4.29004, 51.46894], [4.30573, 51.47193], [4.32076, 51.47611], [4.33703, 51.47571], [4.3491, 51.46995], [4.35713, 51.4613], [4.36246, 51.45249], [4.3673, 51.44301], [4.37203, 51.43326], [4.37698, 51.42365], [4.38251, 51.41459], [4.38829, 51.40762], [4.39822, 51.39637], [4.40713, 51.38517], [4.40921, 51.37926], [4.40912, 51.37917]]], [[[4.73037, 51.7128], [4.7245, 51.70364], [4.7168, 51.69502], [4.70736, 51.68704], [4.69627, 51.67982], [4.68241, 51.67318], [4.66858, 51.66865], [4.65448, 51.6651], [4.63928, 51.66105], [4.62512, 51.65642], [4.61124, 51.65167], [4.59603, 51.64719], [4.58073, 51.6437], [4.56563, 51.63994], [4.55072, 51.63591], [4.53573, 51.63177], [4.51886, 51.63071], [4.50285, 51.62981], [4.48611, 51.62864], [4.46994, 51.62745], [4.45425, 51.6261], [4.43895, 51.62445], [4.42395, 51.62235], [4.40916, 51.61965], [4.39451, 51.6162], [4.37988, 51.61186], [4.36521, 51.60649], [4.3504, 51.59993], [4.33849, 51.59276], [4.32963, 51.58472], [4.32287, 51.57604], [4.31728, 51.56696], [4.3119, 51.55769], [4.30579, 51.54848], [4.30118, 51.55326], [4.29739, 51.5628], [4.29509, 51.57275], [4.29489, 51.58314], [4.29129, 51.5924], [4.28483, 51.60079], [4.27605, 51.60852], [4.26546, 51.61585], [4.25361, 51.62301], [4.24063, 51.62919], [4.22421, 51.63349], [4.20593, 51.63663], [4.18787, 51.63921], [4.1721, 51.64186], [4.16072, 51.64519], [4.15533, 51.65171], [4.14135, 51.65487], [4.12394, 51.65371], [4.11573, 51.65723], [4.1269, 51.66636], [4.14065, 51.66885], [4.15284, 51.676], [4.16964, 51.67855], [4.18503, 51.67665], [4.19934, 51.67218], [4.21334, 51.66705], [4.22549, 51.66368], [4.23877, 51.66198], [4.25697, 51.66045], [4.27738, 51.65921], [4.29731, 51.65837], [4.31407, 51.65804], [4.32461, 51.65831], [4.33601, 51.66083], [4.35618, 51.66574], [4.37611, 51.67078], [4.38677, 51.67369], [4.39626, 51.67975], [4.40679, 51.68857], [4.41706, 51.69616], [4.42926, 51.70268], [4.44193, 51.70889], [4.45599, 51.71298], [4.47221, 51.71204], [4.48848, 51.7099], [4.50467, 51.70731], [4.52067, 51.70505], [4.53636, 51.70387], [4.55251, 51.70463], [4.56859, 51.70704], [4.58439, 51.70973], [4.59994, 51.71153], [4.6159, 51.71301], [4.63226, 51.71433], [4.64887, 51.71537], [4.66557, 51.71605], [4.6822, 51.71623], [4.6986, 51.71581], [4.71463, 51.71469], [4.73013, 51.71276], [4.73037, 51.7128]]], [[[4.13426, 51.91271], [4.14968, 51.90986], [4.16471, 51.90677], [4.18033, 51.90395], [4.19584, 51.90092], [4.21122, 51.89768], [4.22648, 51.89423], [4.2416, 51.89058], [4.25657, 51.88671], [4.27139, 51.88264], [4.28606, 51.87837], [4.30056, 51.8739], [4.31414, 51.86935], [4.32721, 51.86398], [4.34064, 51.85785], [4.35411, 51.85153], [4.36725, 51.84559], [4.38101, 51.84001], [4.3953, 51.83478], [4.40937, 51.83006], [4.42329, 51.82571], [4.4371, 51.82157], [4.45085, 51.81751], [4.4646, 51.81338], [4.47839, 51.80903], [4.49228, 51.80431], [4.50632, 51.79908], [4.52056, 51.79319], [4.53505, 51.7865], [4.54909, 51.78134], [4.5564, 51.77282], [4.54687, 51.76866], [4.52835, 51.77037], [4.51185, 51.77381], [4.49762, 51.77791], [4.4843, 51.7827], [4.47179, 51.78766], [4.45914, 51.79246], [4.44539, 51.79681], [4.42958, 51.80038], [4.41074, 51.80286], [4.39552, 51.80256], [4.37849, 51.80073], [4.36069, 51.80015], [4.3403, 51.80139], [4.32369, 51.80378], [4.31002, 51.80726], [4.29844, 51.81175], [4.2881, 51.81719], [4.27815, 51.8235], [4.26777, 51.83061], [4.25608, 51.83845], [4.24223, 51.84656], [4.22828, 51.85127], [4.21421, 51.85318], [4.19901, 51.85396], [4.18163, 51.85525], [4.16542, 51.85728], [4.14944, 51.85953], [4.13353, 51.86192], [4.11775, 51.86433], [4.10435, 51.86735], [4.11034, 51.87644], [4.11632, 51.88553], [4.12231, 51.89463], [4.1283, 51.90372], [4.13426, 51.91271]]], [[[4.19756, 51.53445], [4.18159, 51.53265], [4.16756, 51.53649], [4.15527, 51.54383], [4.14452, 51.55253], [4.13513, 51.56045], [4.12483, 51.56698], [4.11195, 51.57293], [4.09783, 51.5783], [4.08324, 51.58347], [4.06896, 51.58883], [4.05576, 51.59478], [4.04365, 51.60231], [4.03846, 51.61163], [4.0486, 51.61647], [4.06619, 51.61861], [4.08339, 51.61984], [4.09843, 51.6224], [4.11483, 51.62593], [4.1303, 51.62737], [4.14725, 51.62671], [4.16351, 51.62599], [4.17878, 51.62825], [4.19252, 51.62734], [4.20756, 51.62291], [4.22364, 51.61645], [4.23817, 51.6092], [4.24858, 51.60237], [4.25439, 51.59412], [4.25916, 51.58463], [4.26303, 51.575], [4.26595, 51.56525], [4.26669, 51.55445], [4.25827, 51.54698], [4.24354, 51.54462], [4.22657, 51.54363], [4.21021, 51.53991], [4.19764, 51.53455], [4.19756, 51.53445]]], [[[3.60055, 51.59751], [3.61566, 51.60162], [3.62855, 51.60533], [3.64443, 51.60157], [3.65238, 51.59501], [3.66115, 51.58463], [3.66958, 51.57463], [3.67881, 51.5678], [3.69, 51.56073], [3.69566, 51.55182], [3.6927, 51.54429], [3.68376, 51.53516], [3.67198, 51.52538], [3.66054, 51.51704], [3.65051, 51.51125], [3.63583, 51.50634], [3.62328, 51.50074], [3.6152, 51.49207], [3.60849, 51.4848], [3.59645, 51.48234], [3.57595, 51.48708], [3.56624, 51.49457], [3.56179, 51.50415], [3.5582, 51.51397], [3.55031, 51.52223], [3.53866, 51.52917], [3.52523, 51.53491], [3.5117, 51.54185], [3.51903, 51.54891], [3.53007, 51.55622], [3.54129, 51.56343], [3.55262, 51.57057], [3.564, 51.57768], [3.57536, 51.58479], [3.58739, 51.59149], [3.60047, 51.59746], [3.60055, 51.59751]]], [[[3.74596, 51.59966], [3.7603, 51.59583], [3.7778, 51.59612], [3.79234, 51.59823], [3.80605, 51.60079], [3.8205, 51.60247], [3.8373, 51.60195], [3.85764, 51.59802], [3.87149, 51.59263], [3.88407, 51.58434], [3.8822, 51.57661], [3.87022, 51.57428], [3.8503, 51.57208], [3.83232, 51.57008], [3.81659, 51.56683], [3.80217, 51.56263], [3.78883, 51.55967], [3.77362, 51.55967], [3.75492, 51.56384], [3.73914, 51.56851], [3.72607, 51.57343], [3.71512, 51.57937], [3.70571, 51.58709], [3.69704, 51.59616], [3.69653, 51.60323], [3.713, 51.60206], [3.72966, 51.6011], [3.74588, 51.59966], [3.74596, 51.59966]]], [[[4.21343, 51.32298], [4.20111, 51.31654], [4.18752, 51.31114], [4.17119, 51.31024], [4.15604, 51.3127], [4.1427, 51.31136], [4.12533, 51.30792], [4.10833, 51.30457], [4.09326, 51.30258], [4.07687, 51.30096], [4.06104, 51.29894], [4.04539, 51.29608], [4.03006, 51.29271], [4.01499, 51.28893], [4.00015, 51.28482], [3.98547, 51.28047], [3.9709, 51.27595], [3.95641, 51.27136], [3.94192, 51.26678], [3.92739, 51.2623], [3.91278, 51.258], [3.89797, 51.25392], [3.88262, 51.2505], [3.86684, 51.24804], [3.85074, 51.24655], [3.83446, 51.24606], [3.81813, 51.24658], [3.80741, 51.25175], [3.80203, 51.261], [3.79575, 51.27005], [3.78613, 51.27562], [3.77118, 51.27969], [3.75347, 51.28276], [3.73563, 51.28526], [3.72023, 51.28763], [3.70526, 51.29112], [3.69048, 51.29541], [3.67652, 51.2998], [3.66275, 51.30386], [3.64854, 51.30717], [3.63324, 51.30931], [3.61622, 51.30985], [3.59867, 51.30848], [3.58178, 51.30499], [3.56609, 51.30262], [3.55183, 51.30733], [3.54088, 51.30776], [3.52323, 51.30156], [3.51028, 51.29818], [3.49497, 51.29721], [3.47784, 51.29669], [3.4605, 51.29605], [3.44469, 51.29471], [3.43007, 51.29188], [3.41192, 51.28784], [3.39487, 51.28473], [3.38226, 51.2851], [3.37465, 51.29351], [3.36923, 51.30275], [3.36434, 51.3121], [3.36, 51.32155], [3.36383, 51.33082], [3.37167, 51.3394], [3.38214, 51.34754], [3.39398, 51.35402], [3.40682, 51.35943], [3.42032, 51.36446], [3.43415, 51.36977], [3.44711, 51.37559], [3.45913, 51.38204], [3.47183, 51.38936], [3.4847, 51.39681], [3.49726, 51.40363], [3.509, 51.40908], [3.52439, 51.41342], [3.53917, 51.41367], [3.55397, 51.41208], [3.56456, 51.40961], [3.57872, 51.40877], [3.59446, 51.40637], [3.60867, 51.40164], [3.61891, 51.39396], [3.63311, 51.38803], [3.64812, 51.38553], [3.66368, 51.38473], [3.6798, 51.38377], [3.69579, 51.38079], [3.70955, 51.37447], [3.72227, 51.36798], [3.73594, 51.36495], [3.75159, 51.3646], [3.76774, 51.3652], [3.78452, 51.36505], [3.80113, 51.3624], [3.81532, 51.35766], [3.83081, 51.35528], [3.84711, 51.3546], [3.86292, 51.35348], [3.8795, 51.35048], [3.89316, 51.35141], [3.90843, 51.35572], [3.92413, 51.36098], [3.93882, 51.36475], [3.95415, 51.3657], [3.97315, 51.3663], [3.98905, 51.36877], [3.99639, 51.37597], [3.99906, 51.3852], [4.00364, 51.39301], [4.01728, 51.39844], [4.03677, 51.39988], [4.05216, 51.3973], [4.06561, 51.39213], [4.07789, 51.3856], [4.08977, 51.37892], [4.101, 51.37401], [4.11559, 51.37065], [4.13328, 51.36796], [4.15156, 51.36588], [4.16791, 51.36433], [4.18254, 51.36381], [4.19779, 51.36792], [4.21216, 51.37421], [4.22599, 51.37897], [4.23843, 51.37878], [4.25535, 51.37363], [4.26911, 51.36767], [4.2688, 51.361], [4.25744, 51.35271], [4.24277, 51.34489], [4.23229, 51.33899], [4.22271, 51.33078], [4.21319, 51.32293], [4.21343, 51.32298]]], [[[4.32588, 51.75894], [4.34038, 51.75315], [4.35486, 51.74821], [4.36894, 51.74348], [4.38226, 51.7383], [4.39825, 51.72887], [4.39816, 51.72196], [4.38661, 51.71716], [4.3707, 51.71301], [4.35761, 51.70799], [4.34778, 51.69882], [4.33745, 51.6967], [4.32194, 51.69727], [4.30309, 51.69917], [4.28346, 51.70199], [4.26561, 51.7053], [4.25207, 51.70869], [4.24068, 51.71406], [4.23039, 51.72183], [4.21916, 51.72896], [4.20333, 51.73058], [4.18684, 51.731], [4.17036, 51.73141], [4.1541, 51.73253], [4.13892, 51.7364], [4.12432, 51.74099], [4.11069, 51.74629], [4.10307, 51.7538], [4.09776, 51.76388], [4.09385, 51.77471], [4.09045, 51.78444], [4.08568, 51.79312], [4.078, 51.80176], [4.06813, 51.80963], [4.05652, 51.81674], [4.04361, 51.82312], [4.02983, 51.82879], [4.01563, 51.83376], [4.0112, 51.83974], [4.02319, 51.84647], [4.03871, 51.84952], [4.05497, 51.85121], [4.06742, 51.84936], [4.08331, 51.84287], [4.09812, 51.8368], [4.11279, 51.83392], [4.12735, 51.82979], [4.14176, 51.82523], [4.15627, 51.82061], [4.17084, 51.81594], [4.18544, 51.8112], [4.20003, 51.80638], [4.21458, 51.80149], [4.22907, 51.79652], [4.24345, 51.79145], [4.2577, 51.7863], [4.27178, 51.78104], [4.28567, 51.77568], [4.29932, 51.7702], [4.31271, 51.76461], [4.3258, 51.75889], [4.32588, 51.75894]]], [[[4.00447, 51.72822], [4.01582, 51.72111], [4.02799, 51.71452], [4.04093, 51.70846], [4.05539, 51.70367], [4.07057, 51.70007], [4.08529, 51.69612], [4.09841, 51.69031], [4.1067, 51.68222], [4.0989, 51.67513], [4.08319, 51.66909], [4.07338, 51.66309], [4.06335, 51.65256], [4.0532, 51.65199], [4.03823, 51.65349], [4.02205, 51.65026], [4.00594, 51.64554], [3.99114, 51.64252], [3.97934, 51.64616], [3.97183, 51.65269], [3.95281, 51.64927], [3.94161, 51.64248], [3.92832, 51.64061], [3.91608, 51.64708], [3.90641, 51.65641], [3.89682, 51.66288], [3.88165, 51.66736], [3.86761, 51.67233], [3.85967, 51.67921], [3.84911, 51.69038], [3.83932, 51.70064], [3.832, 51.70474], [3.8162, 51.70204], [3.80276, 51.6966], [3.78778, 51.69404], [3.78874, 51.70231], [3.79742, 51.71053], [3.80913, 51.71763], [3.82236, 51.72402], [3.83556, 51.7301], [3.8472, 51.73629], [3.85586, 51.74312], [3.86799, 51.75364], [3.8772, 51.76008], [3.89195, 51.75818], [3.90837, 51.75669], [3.92513, 51.75549], [3.94177, 51.75417], [3.95785, 51.75232], [3.97291, 51.7495], [3.98876, 51.74387], [3.99607, 51.73714], [4.00464, 51.72826], [4.00447, 51.72822]]], [[[4.46812, 51.7705], [4.45937, 51.76706], [4.44233, 51.76814], [4.42451, 51.76955], [4.4081, 51.77233], [4.39528, 51.77752], [4.39172, 51.78403], [4.40827, 51.78339], [4.42521, 51.7834], [4.4415, 51.78221], [4.45532, 51.77688], [4.46812, 51.77055], [4.46812, 51.7705]]]]}}, {"type": "Feature", "properties": {"slug": "west-friesland", "name": "West-Friesland"}, "geometry": {"type": "MultiPolygon", "coordinates": [[[[4.59912, 52.08258], [4.61342, 52.08022], [4.62842, 52.07485], [4.6421, 52.06796], [4.65244, 52.06104], [4.66064, 52.05242], [4.66596, 52.04315], [4.66991, 52.03374], [4.67431, 52.02445], [4.68115, 52.01583], [4.6917, 52.00782], [4.69253, 52.00022], [4.68601, 51.98927], [4.67907, 51.98003], [4.67016, 51.97244], [4.65976, 51.96388], [4.65879, 51.95656], [4.66406, 51.94903], [4.65787, 51.93777], [4.6508, 51.9333], [4.63972, 51.928], [4.62551, 51.92213], [4.60906, 51.91597], [4.59127, 51.90979], [4.57304, 51.90387], [4.55525, 51.89848], [4.5388, 51.89391], [4.52457, 51.89041], [4.51347, 51.88827], [4.49594, 51.88687], [4.48043, 51.88759], [4.46866, 51.89049], [4.45512, 51.89486], [4.43983, 51.89874], [4.42246, 51.90219], [4.40557, 51.90578], [4.39409, 51.91025], [4.38443, 51.91817], [4.37695, 51.92675], [4.37703, 51.93665], [4.37881, 51.9466], [4.37682, 51.95574], [4.37407, 51.96568], [4.37548, 51.97531], [4.37841, 51.98475], [4.38096, 51.99446], [4.38062, 52.00443], [4.37937, 52.01346], [4.38504, 52.02187], [4.39461, 52.03135], [4.40558, 52.0402], [4.41542, 52.04676], [4.43087, 52.05433], [4.44505, 52.05896], [4.45865, 52.06146], [4.47263, 52.06278], [4.48798, 52.06389], [4.50568, 52.06576], [4.52035, 52.06837], [4.53586, 52.07196], [4.5519, 52.07586], [4.56808, 52.07938], [4.58401, 52.08185], [4.59929, 52.08258], [4.59912, 52.08258]]], [[[4.91345, 53.08525], [4.91176, 53.0741], [4.90546, 53.06493], [4.89609, 53.057], [4.88514, 53.04957], [4.87412, 53.04191], [4.86449, 53.03294], [4.85718, 53.0259], [4.84399, 53.02278], [4.82837, 53.02507], [4.83471, 53.0346], [4.84524, 53.04645], [4.85267, 53.05416], [4.86157, 53.06298], [4.87101, 53.07188], [4.88182, 53.07926], [4.89658, 53.08401], [4.91345, 53.0853], [4.91345, 53.08525]]], [[[5.33145, 52.74932], [5.33667, 52.74267], [5.34153, 52.73318], [5.34563, 52.72202], [5.34859, 52.71033], [5.35001, 52.69929], [5.34952, 52.69005], [5.34546, 52.68373], [5.33352, 52.67668], [5.32507, 52.6682], [5.31747, 52.66396], [5.30301, 52.65931], [5.284, 52.65403], [5.26458, 52.64919], [5.24893, 52.64588], [5.23783, 52.64519], [5.22251, 52.64803], [5.20723, 52.65223], [5.19153, 52.65483], [5.17612, 52.6566], [5.16088, 52.65976], [5.14473, 52.66209], [5.12909, 52.66038], [5.11583, 52.65471], [5.10307, 52.64866], [5.09083, 52.64224], [5.08176, 52.63417], [5.08476, 52.62492], [5.08979, 52.61607], [5.08504, 52.60729], [5.06888, 52.60829], [5.05256, 52.6092], [5.03659, 52.61067], [5.02109, 52.61356], [5.00468, 52.61691], [4.98938, 52.61825], [4.97551, 52.61522], [4.96339, 52.60893], [4.95057, 52.60229], [4.93531, 52.5982], [4.91926, 52.59674], [4.90305, 52.59536], [4.88853, 52.59216], [4.87401, 52.58721], [4.85932, 52.58183], [4.84479, 52.57741], [4.83068, 52.57533], [4.81222, 52.57535], [4.7976, 52.57879], [4.79554, 52.5877], [4.79862, 52.5979], [4.80314, 52.60796], [4.80852, 52.61688], [4.81422, 52.6251], [4.81972, 52.63305], [4.82449, 52.64117], [4.82802, 52.64989], [4.82976, 52.65966], [4.8292, 52.6709], [4.8257, 52.68258], [4.81828, 52.69106], [4.80824, 52.6979], [4.79729, 52.70487], [4.78817, 52.71231], [4.77917, 52.72064], [4.76945, 52.72942], [4.75908, 52.73756], [4.74814, 52.74399], [4.73345, 52.74809], [4.73151, 52.75751], [4.73033, 52.76725], [4.72971, 52.77699], [4.73428, 52.78711], [4.74536, 52.79277], [4.75992, 52.79602], [4.77549, 52.79982], [4.79053, 52.80597], [4.80313, 52.81277], [4.81347, 52.82008], [4.82195, 52.82786], [4.82893, 52.83604], [4.83479, 52.84459], [4.8399, 52.85344], [4.84465, 52.86256], [4.8494, 52.87189], [4.85453, 52.88138], [4.86042, 52.89098], [4.86724, 52.8996], [4.87519, 52.90828], [4.8814, 52.91747], [4.8938, 52.91986], [4.90942, 52.91615], [4.92419, 52.91273], [4.94026, 52.9125], [4.95643, 52.91346], [4.9726, 52.91542], [4.98778, 52.91857], [5.00182, 52.92276], [5.01532, 52.92759], [5.02888, 52.93267], [5.04308, 52.9376], [5.05854, 52.942], [5.0751, 52.94583], [5.08956, 52.94804], [5.10347, 52.94608], [5.11764, 52.93811], [5.12279, 52.92932], [5.1222, 52.92026], [5.1226, 52.90891], [5.12567, 52.89793], [5.13073, 52.88975], [5.13772, 52.88293], [5.14656, 52.87606], [5.15718, 52.86771], [5.1655, 52.85902], [5.16987, 52.84982], [5.17144, 52.84009], [5.17108, 52.83006], [5.16968, 52.81998], [5.16812, 52.8101], [5.16727, 52.80067], [5.16918, 52.7912], [5.17512, 52.78214], [5.18427, 52.77425], [5.19617, 52.76781], [5.21041, 52.76313], [5.22593, 52.76087], [5.24178, 52.76118], [5.25843, 52.76251], [5.27527, 52.76378], [5.29169, 52.76392], [5.30706, 52.76185], [5.31945, 52.75709], [5.33153, 52.74937], [5.33145, 52.74932]]], [[[4.86146, 52.18168], [4.85226, 52.17388], [4.84314, 52.16525], [4.83688, 52.15567], [4.83063, 52.14729], [4.82057, 52.14205], [4.80292, 52.14193], [4.788, 52.14657], [4.77626, 52.15475], [4.76561, 52.16346], [4.75549, 52.16943], [4.74063, 52.17145], [4.72778, 52.17057], [4.71423, 52.17275], [4.69801, 52.18286], [4.69055, 52.19251], [4.68989, 52.20129], [4.69302, 52.20992], [4.6969, 52.21913], [4.69853, 52.22963], [4.69455, 52.23919], [4.68686, 52.24762], [4.67993, 52.25653], [4.67729, 52.26709], [4.67994, 52.27602], [4.68574, 52.28442], [4.6925, 52.2936], [4.69715, 52.30339], [4.7018, 52.31281], [4.70726, 52.32206], [4.71354, 52.33111], [4.72061, 52.33994], [4.72846, 52.34855], [4.73709, 52.35692], [4.74824, 52.36323], [4.76458, 52.36395], [4.78067, 52.3636], [4.79589, 52.36179], [4.81138, 52.35928], [4.82742, 52.35686], [4.84428, 52.35529], [4.86019, 52.35546], [4.87693, 52.3577], [4.89441, 52.35995], [4.90957, 52.35995], [4.9233, 52.35492], [4.93258, 52.34705], [4.94158, 52.34022], [4.9523, 52.3333], [4.9654, 52.32491], [4.97888, 52.31604], [4.99077, 52.30764], [4.99906, 52.30069], [5.00329, 52.29247], [5.00059, 52.28263], [4.9937, 52.27416], [4.98896, 52.26571], [4.99247, 52.25683], [4.99849, 52.24758], [4.99586, 52.23891], [4.98078, 52.23364], [4.96547, 52.23393], [4.94912, 52.23535], [4.93185, 52.23395], [4.91596, 52.22893], [4.90325, 52.22278], [4.89297, 52.21571], [4.88439, 52.20788], [4.87677, 52.1995], [4.86937, 52.19073], [4.86146, 52.18178], [4.86146, 52.18168]]], [[[5.04812, 52.43704], [5.03191, 52.43234], [5.01761, 52.43243], [5.01071, 52.43877], [5.02485, 52.44859], [5.03821, 52.45408], [5.03267, 52.4599], [5.02081, 52.46605], [5.01448, 52.47366], [5.01438, 52.48354], [5.00715, 52.4917], [4.99308, 52.49684], [4.9767, 52.50044], [4.96247, 52.50409], [4.95131, 52.51194], [4.9402, 52.51792], [4.92661, 52.52326], [4.91601, 52.52994], [4.9129, 52.53975], [4.91676, 52.54864], [4.9237, 52.55749], [4.9329, 52.56642], [4.94344, 52.57497], [4.95441, 52.58268], [4.96489, 52.5891], [4.97878, 52.59435], [4.99419, 52.59549], [5.00973, 52.59304], [5.02364, 52.58749], [5.03465, 52.58025], [5.04498, 52.57267], [5.05462, 52.56477], [5.06355, 52.55656], [5.07024, 52.54558], [5.06818, 52.53832], [5.06297, 52.52863], [5.0603, 52.51897], [5.05622, 52.50949], [5.04869, 52.50085], [5.04183, 52.49036], [5.0508, 52.48584], [5.06776, 52.48603], [5.07814, 52.48089], [5.07975, 52.47185], [5.07586, 52.46167], [5.06818, 52.45164], [5.05839, 52.443], [5.0482, 52.43704], [5.04812, 52.43704]]], [[[4.90711, 52.14413], [4.90662, 52.15206], [4.91275, 52.16374], [4.92042, 52.17435], [4.92835, 52.18321], [4.93899, 52.19187], [4.94999, 52.19522], [4.96063, 52.19008], [4.96821, 52.17825], [4.97163, 52.16792], [4.97209, 52.15715], [4.96784, 52.14756], [4.9553, 52.14097], [4.93897, 52.14153], [4.92285, 52.14058], [4.90719, 52.14413], [4.90711, 52.14413]]]]}}]}
